department,category,commodity,sub_commodity,id_upc,dsc_upc
GROCERY,CHILLED JUICE,CHILLED ORANGE JUICE,CHILLED GRAPEFRUIT,2500005175,SIMPLY GRAPEFRUIT
GROCERY,CHILLED JUICE,CHILLED ORANGE JUICE,CHILLED GRAPEFRUIT,2500005450,SIMPLY GRAPEFRUIT
GROCERY,CHILLED JUICE,CHILLED ORANGE JUICE,CHILLED GRAPEFRUIT,4122058000,HEB SI RIO RED GRAPEFRUIT 52OZ
GROCERY,CHILLED JUICE,CHILLED ORANGE JUICE,CHILLED GRAPEFRUIT,4122086221,HEB RIO RED GRAPEFRUIT JUICE
GROCERY,CHILLED JUICE,CHILLED ORANGE JUICE,CHILLED GRAPEFRUIT,4122086222,HEB RIO RED GRPFRIT JUC W/CAL
GROCERY,CHILLED JUICE,CHILLED ORANGE JUICE,CHILLED GRAPEFRUIT,40000134159,HEB RIO RED GRAPEFRUIT JUICE  
GROCERY,CHILLED JUICE,CHILLED ORANGE JUICE,CHILLED GRAPEFRUIT,40000134160,HEB RIO RED GRPFRT JCE W CAL  
GROCERY,CHILLED JUICE,CHILLED ORANGE JUICE,CHILLED GRAPEFRUIT,71279720012,INDIAN RIVER RUBY RED GRPFRT J
GROCERY,CHILLED JUICE,CHILLED ORANGE JUICE,CHILLED GRAPEFRUIT,71279720059,INDIAN RIVER RUBYRED GRPFRT JU
GROCERY,CHILLED JUICE,CHILLED ORANGE JUICE,CHILLED GRAPEFRUIT,76235705960,EVOLUTION EVL GRAPEFRUIT
GROCERY,CHILLED JUICE,CHILLED ORANGE JUICE,CHILLED GRAPEFRUIT,77134400922,BLK RVR PRE RED GRPFRUIT JUICE
GROCERY,CHILLED JUICE,CHILLED ORANGE JUICE,CHILLED OJ PREMIUM,67305,HEB PREMIUM OJ 64 OZ-B1GIF
GROCERY,CHILLED JUICE,CHILLED ORANGE JUICE,CHILLED OJ PREMIUM,1400000975,BORDEN ORANGE JUICE
GROCERY,CHILLED JUICE,CHILLED ORANGE JUICE,CHILLED OJ PREMIUM,1630015114,FLORIDA!S NATURAL ORIGINAL OJ 
GROCERY,CHILLED JUICE,CHILLED ORANGE JUICE,CHILLED OJ PREMIUM,1630015121,FLORIDA!S NAT HOME SQUEEZED OJ
GROCERY,CHILLED JUICE,CHILLED ORANGE JUICE,CHILLED OJ PREMIUM,1630016504,FNOJ NO PULP OJ SS
GROCERY,CHILLED JUICE,CHILLED ORANGE JUICE,CHILLED OJ PREMIUM,1630016564,FNOJ ORGINIAL NFC
GROCERY,CHILLED JUICE,CHILLED ORANGE JUICE,CHILLED OJ PREMIUM,1630016565,FNOJ SOME PULP ORANGE JUICE
GROCERY,CHILLED JUICE,CHILLED ORANGE JUICE,CHILLED OJ PREMIUM,1630016574,FNOJ NO PULP
GROCERY,CHILLED JUICE,CHILLED ORANGE JUICE,CHILLED OJ PREMIUM,1630016575,FNOJ W/ PULP
GROCERY,CHILLED JUICE,CHILLED ORANGE JUICE,CHILLED OJ PREMIUM,1630016820,FNOJ NO PULP 52OZ
GROCERY,CHILLED JUICE,CHILLED ORANGE JUICE,CHILLED OJ PREMIUM,1630016821,FNOJ SOME PULP 52OZ
GROCERY,CHILLED JUICE,CHILLED ORANGE JUICE,CHILLED OJ PREMIUM,2500000003,SIMPLY ORANGE WITH MANGO SS
GROCERY,CHILLED JUICE,CHILLED ORANGE JUICE,CHILLED OJ PREMIUM,2500000024,SIMPLY ORANGE PULP FREE SS
GROCERY,CHILLED JUICE,CHILLED ORANGE JUICE,CHILLED OJ PREMIUM,2500000032,SIMPLY ORANGE MANGO SS
GROCERY,CHILLED JUICE,CHILLED ORANGE JUICE,CHILLED OJ PREMIUM,2500000375,SIMPLY ORANGE ORIGINAL SS
GROCERY,CHILLED JUICE,CHILLED ORANGE JUICE,CHILLED OJ PREMIUM,2500003208,SIMPLY ORANGE PULP FREE 4PK
GROCERY,CHILLED JUICE,CHILLED ORANGE JUICE,CHILLED OJ PREMIUM,2500004080,SIMPLY ORANGE WITH MANGO
GROCERY,CHILLED JUICE,CHILLED ORANGE JUICE,CHILLED OJ PREMIUM,2500004082,SIMPLY ORANGE W PINEAPPLE
GROCERY,CHILLED JUICE,CHILLED ORANGE JUICE,CHILLED OJ PREMIUM,2500004400,SIMPLY OJ HIGH PULP 52 OZ
GROCERY,CHILLED JUICE,CHILLED ORANGE JUICE,CHILLED OJ PREMIUM,2500004483,SIMPLY OJ MEDIUM PULP 52 OZ
GROCERY,CHILLED JUICE,CHILLED ORANGE JUICE,CHILLED OJ PREMIUM,2500005074,SIMPLY ORANGE W/BANANA
GROCERY,CHILLED JUICE,CHILLED ORANGE JUICE,CHILLED OJ PREMIUM,2500005077,SIMPLY ORANGE W/TANGERINE
GROCERY,CHILLED JUICE,CHILLED ORANGE JUICE,CHILLED OJ PREMIUM,2500005280,SIMPLY ORG GROVE MADE 89OZ
GROCERY,CHILLED JUICE,CHILLED ORANGE JUICE,CHILLED OJ PREMIUM,2500005416,SIMPLY ORANGE CONTRY STND 52OZ
GROCERY,CHILLED JUICE,CHILLED ORANGE JUICE,CHILLED OJ PREMIUM,2500005433,SIMPLY ORANGE PULP FREE 89OZ
GROCERY,CHILLED JUICE,CHILLED ORANGE JUICE,CHILLED OJ PREMIUM,2500005437,SIMPLY ORANGE WITH MANGO
GROCERY,CHILLED JUICE,CHILLED ORANGE JUICE,CHILLED OJ PREMIUM,2500005438,SIMPLY ORANGE WITH PINEAPPLE
GROCERY,CHILLED JUICE,CHILLED ORANGE JUICE,CHILLED OJ PREMIUM,2500005500,MIN MD PREM LIGHT OJ BEVERAGE 
GROCERY,CHILLED JUICE,CHILLED ORANGE JUICE,CHILLED OJ PREMIUM,2500005542,SIMPLY ORG ORIG PULP FREE 52OZ
GROCERY,CHILLED JUICE,CHILLED ORANGE JUICE,CHILLED OJ PREMIUM,2500005544,SIMPLY ORANGE HIGH PULP 52 OZ
GROCERY,CHILLED JUICE,CHILLED ORANGE JUICE,CHILLED OJ PREMIUM,2500010000,SIMPLY OJ NO PULP
GROCERY,CHILLED JUICE,CHILLED ORANGE JUICE,CHILLED OJ PREMIUM,2500013025,SIMPLY OJ 4PK
GROCERY,CHILLED JUICE,CHILLED ORANGE JUICE,CHILLED OJ PREMIUM,2500013420,SIMPLY ORANGE CALCIUM
GROCERY,CHILLED JUICE,CHILLED ORANGE JUICE,CHILLED OJ PREMIUM,2500013422,SIMPLY ORANGE HIGH PULP
GROCERY,CHILLED JUICE,CHILLED ORANGE JUICE,CHILLED OJ PREMIUM,2500013424,SIMPLY ORANGE PULP FREE
GROCERY,CHILLED JUICE,CHILLED ORANGE JUICE,CHILLED OJ PREMIUM,2500013663,SIMPLY ORANGE JUICE PULP FREE
GROCERY,CHILLED JUICE,CHILLED ORANGE JUICE,CHILLED OJ PREMIUM,2500013665,SIMPLY ORANGE JUICE CALCIUM
GROCERY,CHILLED JUICE,CHILLED ORANGE JUICE,CHILLED OJ PREMIUM,2500013667,SIMPLY ORANGE JUICE HIGH PULP
GROCERY,CHILLED JUICE,CHILLED ORANGE JUICE,CHILLED OJ PREMIUM,2500013673,SIMPLY ORANGE JUICE WITH MANGO
GROCERY,CHILLED JUICE,CHILLED ORANGE JUICE,CHILLED OJ PREMIUM,2500013676,SIMPLY OJ WITH PINEAPPLE
GROCERY,CHILLED JUICE,CHILLED ORANGE JUICE,CHILLED OJ PREMIUM,2500013678,SIMPLY ORANGE JUICE PULP FREE
GROCERY,CHILLED JUICE,CHILLED ORANGE JUICE,CHILLED OJ PREMIUM,2500013682,SIMPLY ORANGE JUICE HIGH PULP
GROCERY,CHILLED JUICE,CHILLED ORANGE JUICE,CHILLED OJ PREMIUM,2500013684,SIMPLY ORANGE JUICE MED PULP
GROCERY,CHILLED JUICE,CHILLED ORANGE JUICE,CHILLED OJ PREMIUM,4122014724,HEB NFC HOME SQUEEZED OJ
GROCERY,CHILLED JUICE,CHILLED ORANGE JUICE,CHILLED OJ PREMIUM,4122014725,HEB NFC GROVES CHOICE OJ
GROCERY,CHILLED JUICE,CHILLED ORANGE JUICE,CHILLED OJ PREMIUM,4122055710,HEB OJ NO PULP SS
GROCERY,CHILLED JUICE,CHILLED ORANGE JUICE,CHILLED OJ PREMIUM,4122057785,HEB ORG OJ 52OZ
GROCERY,CHILLED JUICE,CHILLED ORANGE JUICE,CHILLED OJ PREMIUM,4122057994,HEB SI SOME PULP OJ NFC 52OZ
GROCERY,CHILLED JUICE,CHILLED ORANGE JUICE,CHILLED OJ PREMIUM,4122057995,HEB SI NO PULP OJ NFC 52OZ
GROCERY,CHILLED JUICE,CHILLED ORANGE JUICE,CHILLED OJ PREMIUM,4122057997,HEB SI LOT OF PULP OJ NFC 52OZ
GROCERY,CHILLED JUICE,CHILLED ORANGE JUICE,CHILLED OJ PREMIUM,4122058029,HEB SI SOME PULP OJ NFC 89OZ
GROCERY,CHILLED JUICE,CHILLED ORANGE JUICE,CHILLED OJ PREMIUM,4122058030,HEB SI NO PULP OJ NFC 89OZ
GROCERY,CHILLED JUICE,CHILLED ORANGE JUICE,CHILLED OJ PREMIUM,4122069769,HEB PREMIUM ORANGE JUICE
GROCERY,CHILLED JUICE,CHILLED ORANGE JUICE,CHILLED OJ PREMIUM,4122082380,HEB NFC HOME SQUEEZED OJ
GROCERY,CHILLED JUICE,CHILLED ORANGE JUICE,CHILLED OJ PREMIUM,4122082381,HEB NFC ORIGINAL OJ 92OZ
GROCERY,CHILLED JUICE,CHILLED ORANGE JUICE,CHILLED OJ PREMIUM,4122086215,HEB PREMIUM OJ NFC 59OZ
GROCERY,CHILLED JUICE,CHILLED ORANGE JUICE,CHILLED OJ PREMIUM,4122086219,HEB HOME SQUEEZED OJ NFC 59OZ
GROCERY,CHILLED JUICE,CHILLED ORANGE JUICE,CHILLED OJ PREMIUM,4122086220,HEB GROVES CHOICE OJ NFC 59OZ
GROCERY,CHILLED JUICE,CHILLED ORANGE JUICE,CHILLED OJ PREMIUM,4850000100,TROP PURE PREMIUM OJ NO PULP
GROCERY,CHILLED JUICE,CHILLED ORANGE JUICE,CHILLED OJ PREMIUM,4850000102,TROPICANA PP OJ               
GROCERY,CHILLED JUICE,CHILLED ORANGE JUICE,CHILLED OJ PREMIUM,4850000139,TROPICANA PP OJ HOMESTYLE     
GROCERY,CHILLED JUICE,CHILLED ORANGE JUICE,CHILLED OJ PREMIUM,4850000250,TROPICANA PP ORIG OJ NO PULP  
GROCERY,CHILLED JUICE,CHILLED ORANGE JUICE,CHILLED OJ PREMIUM,4850000414,TROPICANA PP GROVESTAND OJ    
GROCERY,CHILLED JUICE,CHILLED ORANGE JUICE,CHILLED OJ PREMIUM,4850000629,TROPICANA PP ORIG NO PULP 6PK
GROCERY,CHILLED JUICE,CHILLED ORANGE JUICE,CHILLED OJ PREMIUM,4850000717,TROPICANA PURE PREMIUM OJ
GROCERY,CHILLED JUICE,CHILLED ORANGE JUICE,CHILLED OJ PREMIUM,4850000906,TROPICANA PURE PREM GROVESTAND
GROCERY,CHILLED JUICE,CHILLED ORANGE JUICE,CHILLED OJ PREMIUM,4850000945,TROPICANA PP HEALTHY KID 6PK
GROCERY,CHILLED JUICE,CHILLED ORANGE JUICE,CHILLED OJ PREMIUM,4850001775,TROP PURE PREMIUM ORIG SS
GROCERY,CHILLED JUICE,CHILLED ORANGE JUICE,CHILLED OJ PREMIUM,4850001777,TROP PURE PREM SOME PULP SS
GROCERY,CHILLED JUICE,CHILLED ORANGE JUICE,CHILLED OJ PREMIUM,4850001833,TROP PP ORIG NO PULP
GROCERY,CHILLED JUICE,CHILLED ORANGE JUICE,CHILLED OJ PREMIUM,4850002073,TROPICANA PURE PREMIUM ORIG
GROCERY,CHILLED JUICE,CHILLED ORANGE JUICE,CHILLED OJ PREMIUM,4850002076,TROPICANA PURE PREMIUM W/PULP
GROCERY,CHILLED JUICE,CHILLED ORANGE JUICE,CHILLED OJ PREMIUM,4850020102,TROPICANA PURE PREMIUM 59OZ   
GROCERY,CHILLED JUICE,CHILLED ORANGE JUICE,CHILLED OJ PREMIUM,4850020139,TROPICANA HOMESTYLE SOME PULP 
GROCERY,CHILLED JUICE,CHILLED ORANGE JUICE,CHILLED OJ PREMIUM,4850020274,TROPICANA ORIGINAL OJ 52OZ
GROCERY,CHILLED JUICE,CHILLED ORANGE JUICE,CHILLED OJ PREMIUM,4850020275,TROPICANA SOME PULP OJ 52OZ
GROCERY,CHILLED JUICE,CHILLED ORANGE JUICE,CHILLED OJ PREMIUM,4850020414,TROPICANA GROVESTAND          
GROCERY,CHILLED JUICE,CHILLED ORANGE JUICE,CHILLED OJ PREMIUM,4850020564,TROP PP ORNG JCE LOTS OF PULP
GROCERY,CHILLED JUICE,CHILLED ORANGE JUICE,CHILLED OJ PREMIUM,4850020567,TROP PURE PREMIUM OJ SOME PULP
GROCERY,CHILLED JUICE,CHILLED ORANGE JUICE,CHILLED OJ PREMIUM,4850020571,TROP PURE PREMIUM OJ NO PULP
GROCERY,CHILLED JUICE,CHILLED ORANGE JUICE,CHILLED OJ PREMIUM,4850020572,TROP PURE PRM OJ NP CLC VIT D
GROCERY,CHILLED JUICE,CHILLED ORANGE JUICE,CHILLED OJ PREMIUM,4850020603,TROP OJ NO PULP 11Z 12PK
GROCERY,CHILLED JUICE,CHILLED ORANGE JUICE,CHILLED OJ PREMIUM,4850030102,TROPICANA PURE PREMIUM 52 OZ
GROCERY,CHILLED JUICE,CHILLED ORANGE JUICE,CHILLED OJ PREMIUM,4850030139,TROPICANA HMSTY SOME PULP 52OZ
GROCERY,CHILLED JUICE,CHILLED ORANGE JUICE,CHILLED OJ PREMIUM,4850030414,TROPICANA PP LOTS OF PULP
GROCERY,CHILLED JUICE,CHILLED ORANGE JUICE,CHILLED OJ PREMIUM,9194508340,DF NFC ORNGE JCE NO PULP
GROCERY,CHILLED JUICE,CHILLED ORANGE JUICE,CHILLED OJ PREMIUM,9194508341,DF NFC ORNGE JCE W PULP
GROCERY,CHILLED JUICE,CHILLED ORANGE JUICE,CHILLED OJ PREMIUM,40000051213,HEB PREMIUM ORANGE JUICE
GROCERY,CHILLED JUICE,CHILLED ORANGE JUICE,CHILLED OJ PREMIUM,40000151196,HEB PREMIUM ORANGE JUICE      
GROCERY,CHILLED JUICE,CHILLED ORANGE JUICE,CHILLED OJ PREMIUM,40000151201,HEB GROVES CHOICE NFC O.J.    
GROCERY,CHILLED JUICE,CHILLED ORANGE JUICE,CHILLED OJ PREMIUM,40000153067,HEB HOME SQUEEZED STYLE NFC OJ
GROCERY,CHILLED JUICE,CHILLED ORANGE JUICE,CHILLED OJ PREMIUM,40000153068,HEB NFC ORIGINAL ORANGE JUICE
GROCERY,CHILLED JUICE,CHILLED ORANGE JUICE,CHILLED OJ PREMIUM,40000215384,HEB OJ NO PULP SS
GROCERY,CHILLED JUICE,CHILLED ORANGE JUICE,CHILLED OJ PREMIUM,40020317349,KEHE FAC 203 CROSS DOCK
GROCERY,CHILLED JUICE,CHILLED ORANGE JUICE,CHILLED OJ PREMIUM,40040317349,KEHE DAIRY CROSS DOCK
GROCERY,CHILLED JUICE,CHILLED ORANGE JUICE,CHILLED OJ PREMIUM,69706852011,UNCLE MATTS ORG OJ PULP FREE
GROCERY,CHILLED JUICE,CHILLED ORANGE JUICE,CHILLED OJ PREMIUM,69706852012,UNCLE MATTS ORG OJ PULP
GROCERY,CHILLED JUICE,CHILLED ORANGE JUICE,CHILLED OJ PREMIUM,71279711012,INDIAN RIVER VALENCIA OJ
GROCERY,CHILLED JUICE,CHILLED ORANGE JUICE,CHILLED OJ PREMIUM,71279711059,INDIAN RIVER VALENCIA OJ
GROCERY,CHILLED JUICE,CHILLED ORANGE JUICE,CHILLED OJ PREMIUM,72534118113,NATALIES ORANGE JUICE
GROCERY,CHILLED JUICE,CHILLED ORANGE JUICE,CHILLED OJ PREMIUM,76235705959,EVOLUTION ECL ORANGE ORGANIC
GROCERY,CHILLED JUICE,CHILLED ORANGE JUICE,CHILLED OJ PREMIUM,81004096024,VOLLEMANS OJ 64OZ
GROCERY,CHILLED JUICE,CHILLED ORANGE JUICE,CHILLED OJ PREMIUM,81004096026,VOLLEMANS OJ 16OZ
GROCERY,CHILLED JUICE,CHILLED ORANGE JUICE,CHILLED OJ PREMIUM,81547301241,BORDEN ORANGE JUICE
GROCERY,CHILLED JUICE,CHILLED ORANGE JUICE,CHILLED OJ PREMIUM,85001756523,1836 FARMS ORANGE JUICE HG
GROCERY,CHILLED JUICE,CHILLED ORANGE JUICE,CHILLED OJ PREMIUM,85001756530,1836 FARMS ORANGE JUICE QT
GROCERY,CHILLED JUICE,CHILLED ORANGE JUICE,CHILLED OJ PREMIUM BFY,827400050,REEDS KOMBUCHA CABERNET GRAPE 
GROCERY,CHILLED JUICE,CHILLED ORANGE JUICE,CHILLED OJ PREMIUM BFY,827400051,REEDS LMN GINGER RASP KOMBUCHA
GROCERY,CHILLED JUICE,CHILLED ORANGE JUICE,CHILLED OJ PREMIUM BFY,827400052,REEDS PINK GRPFRUIT KOMBUCHA  
GROCERY,CHILLED JUICE,CHILLED ORANGE JUICE,CHILLED OJ PREMIUM BFY,827400053,REEDS CRANBERRY KOMBUCHA
GROCERY,CHILLED JUICE,CHILLED ORANGE JUICE,CHILLED OJ PREMIUM BFY,827400054,REEDS GOJI GINGER KOMBUCHA    
GROCERY,CHILLED JUICE,CHILLED ORANGE JUICE,CHILLED OJ PREMIUM BFY,827400056,REEDS KOMBUCHA PASSION MANGO G
GROCERY,CHILLED JUICE,CHILLED ORANGE JUICE,CHILLED OJ PREMIUM BFY,827400057,REEDS KOMBUCHA POMEGRA GING   
GROCERY,CHILLED JUICE,CHILLED ORANGE JUICE,CHILLED OJ PREMIUM BFY,1400000680,BORDENS PURE ORANGE JUICE     
GROCERY,CHILLED JUICE,CHILLED ORANGE JUICE,CHILLED OJ PREMIUM BFY,1400000968,BORDEN ORANGE JUICE
GROCERY,CHILLED JUICE,CHILLED ORANGE JUICE,CHILLED OJ PREMIUM BFY,1400000969,BORDEN ORANGE JUICE           
GROCERY,CHILLED JUICE,CHILLED ORANGE JUICE,CHILLED OJ PREMIUM BFY,1400000971,BORDEN ORANGE JUICE           
GROCERY,CHILLED JUICE,CHILLED ORANGE JUICE,CHILLED OJ PREMIUM BFY,1400000979,100% ORANGE JUICE             
GROCERY,CHILLED JUICE,CHILLED ORANGE JUICE,CHILLED OJ PREMIUM BFY,1405408305,ODWALLA PINA SMOOTHIE
GROCERY,CHILLED JUICE,CHILLED ORANGE JUICE,CHILLED OJ PREMIUM BFY,1405416509,ODWALLA CARROT MAPPLE MANGO   
GROCERY,CHILLED JUICE,CHILLED ORANGE JUICE,CHILLED OJ PREMIUM BFY,1570014601,MEADOW GOLD HOMO MILK
GROCERY,CHILLED JUICE,CHILLED ORANGE JUICE,CHILLED OJ PREMIUM BFY,1570016102,MEADOW GOLD NONFAT SKIM MILK
GROCERY,CHILLED JUICE,CHILLED ORANGE JUICE,CHILLED OJ PREMIUM BFY,1570016155,VIVA 2% LOW FAT MILK
GROCERY,CHILLED JUICE,CHILLED ORANGE JUICE,CHILLED OJ PREMIUM BFY,1630015001,FN GROWER!S PRIDE ORANGE JUICE
GROCERY,CHILLED JUICE,CHILLED ORANGE JUICE,CHILLED OJ PREMIUM BFY,1630015002,FN GROWER!S PRIDE CS ORANGE JU
GROCERY,CHILLED JUICE,CHILLED ORANGE JUICE,CHILLED OJ PREMIUM BFY,1630015104,FLORIDAS NAT HM SQZD CAL/VIT D
GROCERY,CHILLED JUICE,CHILLED ORANGE JUICE,CHILLED OJ PREMIUM BFY,1630015154,FN GROWERS STYLE OJ     15183
GROCERY,CHILLED JUICE,CHILLED ORANGE JUICE,CHILLED OJ PREMIUM BFY,1630015195,FLORIDA!S NAT CAL & VITAMIN D 
GROCERY,CHILLED JUICE,CHILLED ORANGE JUICE,CHILLED OJ PREMIUM BFY,1630016566,FNOJ CALCIUM WITH PULP NFC
GROCERY,CHILLED JUICE,CHILLED ORANGE JUICE,CHILLED OJ PREMIUM BFY,1630016567,FNOJ ORIGINAL WITH CALCIUM NFC
GROCERY,CHILLED JUICE,CHILLED ORANGE JUICE,CHILLED OJ PREMIUM BFY,1630016576,FNOJ W/ NO PULP CAL & VIT D
GROCERY,CHILLED JUICE,CHILLED ORANGE JUICE,CHILLED OJ PREMIUM BFY,1630016822,FNOJ NO PULP CAL VIT D 52OZ
GROCERY,CHILLED JUICE,CHILLED ORANGE JUICE,CHILLED OJ PREMIUM BFY,1707700932,LIFEWAY KEFIR GRN PMGRNTE ACAI
GROCERY,CHILLED JUICE,CHILLED ORANGE JUICE,CHILLED OJ PREMIUM BFY,2095800169,JERICHO FRESH APPLE CIDER
GROCERY,CHILLED JUICE,CHILLED ORANGE JUICE,CHILLED OJ PREMIUM BFY,2095800649,JERICHO FRESH APPLE CIDER
GROCERY,CHILLED JUICE,CHILLED ORANGE JUICE,CHILLED OJ PREMIUM BFY,2100079924,KRAFT 100% ORNAGE JUICE
GROCERY,CHILLED JUICE,CHILLED ORANGE JUICE,CHILLED OJ PREMIUM BFY,2500000026,SIMPLY LT OJ PULP FREE SS
GROCERY,CHILLED JUICE,CHILLED ORANGE JUICE,CHILLED OJ PREMIUM BFY,2500000031,SIMPLY LIMEADE                
GROCERY,CHILLED JUICE,CHILLED ORANGE JUICE,CHILLED OJ PREMIUM BFY,2500000035,SIMPLY ORANGE WITH CALCIUM SS
GROCERY,CHILLED JUICE,CHILLED ORANGE JUICE,CHILLED OJ PREMIUM BFY,2500000376,SIMPLY ORANGE CALCIUM SS
GROCERY,CHILLED JUICE,CHILLED ORANGE JUICE,CHILLED OJ PREMIUM BFY,2500000386,MIN MAID MULTI VITAMIN OJ     
GROCERY,CHILLED JUICE,CHILLED ORANGE JUICE,CHILLED OJ PREMIUM BFY,2500000388,D.MIN MAID ACTIVE ENHANCED OJ 
GROCERY,CHILLED JUICE,CHILLED ORANGE JUICE,CHILLED OJ PREMIUM BFY,2500002600,MM CHILLED ORANGE JUICE TWN PK
GROCERY,CHILLED JUICE,CHILLED ORANGE JUICE,CHILLED OJ PREMIUM BFY,2500002611,MIN MAID PREM OJ ORIGINAL
GROCERY,CHILLED JUICE,CHILLED ORANGE JUICE,CHILLED OJ PREMIUM BFY,2500002621,MINUTE MAID ORANGE JUICE
GROCERY,CHILLED JUICE,CHILLED ORANGE JUICE,CHILLED OJ PREMIUM BFY,2500002626,MIN MAID PREM OJ COUNTRY STYLE
GROCERY,CHILLED JUICE,CHILLED ORANGE JUICE,CHILLED OJ PREMIUM BFY,2500002628,MIN MAID PREM OJ COUNTRY STYLE
GROCERY,CHILLED JUICE,CHILLED ORANGE JUICE,CHILLED OJ PREMIUM BFY,2500002632,MIN MAID PREM CHOICE ORNG JCE
GROCERY,CHILLED JUICE,CHILLED ORANGE JUICE,CHILLED OJ PREMIUM BFY,2500002637,MIN MD PREM OJ CALCIUM RICH
GROCERY,CHILLED JUICE,CHILLED ORANGE JUICE,CHILLED OJ PREMIUM BFY,2500002638,MINUTE MAID PREMIUM CHOICE
GROCERY,CHILLED JUICE,CHILLED ORANGE JUICE,CHILLED OJ PREMIUM BFY,2500002639,MIN MAID PREM CHC ORNG JCE C/S
GROCERY,CHILLED JUICE,CHILLED ORANGE JUICE,CHILLED OJ PREMIUM BFY,2500002641,MIN MAID PREM OJ CALCIUM FORTD
GROCERY,CHILLED JUICE,CHILLED ORANGE JUICE,CHILLED OJ PREMIUM BFY,2500002644,MINUTE MAID PREM CHOICE OJ REG
GROCERY,CHILLED JUICE,CHILLED ORANGE JUICE,CHILLED OJ PREMIUM BFY,2500002672,!S! MIN MD ORANGE JUICE ORIG
GROCERY,CHILLED JUICE,CHILLED ORANGE JUICE,CHILLED OJ PREMIUM BFY,2500002693,MIN MAID PREM OJ PULP FREE    
GROCERY,CHILLED JUICE,CHILLED ORANGE JUICE,CHILLED OJ PREMIUM BFY,2500002694,MIN MAID PREM OJ PULP FREE    
GROCERY,CHILLED JUICE,CHILLED ORANGE JUICE,CHILLED OJ PREMIUM BFY,2500002806,MIN MD PREM OJ CALCIUM RICH   
GROCERY,CHILLED JUICE,CHILLED ORANGE JUICE,CHILLED OJ PREMIUM BFY,2500002808,MM PREM BLND OJ W/CALCIUM     
GROCERY,CHILLED JUICE,CHILLED ORANGE JUICE,CHILLED OJ PREMIUM BFY,2500002810,MINUTE MAID PFC ORANGE JUICE  
GROCERY,CHILLED JUICE,CHILLED ORANGE JUICE,CHILLED OJ PREMIUM BFY,2500002828,MIN MAID PREM OJ PASSION
GROCERY,CHILLED JUICE,CHILLED ORANGE JUICE,CHILLED OJ PREMIUM BFY,2500002829,MIN MD PREM ORANGE CRANBERRY
GROCERY,CHILLED JUICE,CHILLED ORANGE JUICE,CHILLED OJ PREMIUM BFY,2500002842,MIN MD PREM HOME SQUEEZED OJ
GROCERY,CHILLED JUICE,CHILLED ORANGE JUICE,CHILLED OJ PREMIUM BFY,2500002846,MIN MAID PREM OJ TANGERINE
GROCERY,CHILLED JUICE,CHILLED ORANGE JUICE,CHILLED OJ PREMIUM BFY,2500002894,"MIN MD PREM OJ W/C,E&ZINC     "
GROCERY,CHILLED JUICE,CHILLED ORANGE JUICE,CHILLED OJ PREMIUM BFY,2500003006,SIMPLY ORANGE LOW ACID
GROCERY,CHILLED JUICE,CHILLED ORANGE JUICE,CHILLED OJ PREMIUM BFY,2500004488,SIMPLY ORANGE LOW ACID
GROCERY,CHILLED JUICE,CHILLED ORANGE JUICE,CHILLED OJ PREMIUM BFY,2500004496,SIMPLY OJ CALCIUM NO PULP 52OZ
GROCERY,CHILLED JUICE,CHILLED ORANGE JUICE,CHILLED OJ PREMIUM BFY,2500004783,MM ORANGE JUICE COUNTRY STYLE 
GROCERY,CHILLED JUICE,CHILLED ORANGE JUICE,CHILLED OJ PREMIUM BFY,2500005185,MM OJ COUNTRY STYLE 100% JUICE
GROCERY,CHILLED JUICE,CHILLED ORANGE JUICE,CHILLED OJ PREMIUM BFY,2500005186,MM OJ PULP FREE 100% JUICE    
GROCERY,CHILLED JUICE,CHILLED ORANGE JUICE,CHILLED OJ PREMIUM BFY,2500005187,MM OJ CALCIUM 100% JUICE      
GROCERY,CHILLED JUICE,CHILLED ORANGE JUICE,CHILLED OJ PREMIUM BFY,2500005420,MIN MD PREM LIGHT OJ BEVERAGE 
GROCERY,CHILLED JUICE,CHILLED ORANGE JUICE,CHILLED OJ PREMIUM BFY,2500005423,MIN MD HEART WISE LIGHT OJ    
GROCERY,CHILLED JUICE,CHILLED ORANGE JUICE,CHILLED OJ PREMIUM BFY,2500005427,MIN MD HRT WISE 50% FEW CAL OJ
GROCERY,CHILLED JUICE,CHILLED ORANGE JUICE,CHILLED OJ PREMIUM BFY,2500005434,SIMPLY ORANGE PULP FR CAL 89OZ
GROCERY,CHILLED JUICE,CHILLED ORANGE JUICE,CHILLED OJ PREMIUM BFY,2500005467,MINUTE MAID KIDS+ APPLE JUICE 
GROCERY,CHILLED JUICE,CHILLED ORANGE JUICE,CHILLED OJ PREMIUM BFY,2500005541,MIN MD PREM OR/STRAWBRY/BANANA
GROCERY,CHILLED JUICE,CHILLED ORANGE JUICE,CHILLED OJ PREMIUM BFY,2500005543,SIMPLY ORNGE CAL PLP FREE 52OZ
GROCERY,CHILLED JUICE,CHILLED ORANGE JUICE,CHILLED OJ PREMIUM BFY,2500013680,SIMPLY ORANGE JUICE CALCIUM
GROCERY,CHILLED JUICE,CHILLED ORANGE JUICE,CHILLED OJ PREMIUM BFY,2500013686,SIMPLY ORANGE JUICE LOW ACID
GROCERY,CHILLED JUICE,CHILLED ORANGE JUICE,CHILLED OJ PREMIUM BFY,2789920102,VITAMITE NON DAIRY BEVERAGE
GROCERY,CHILLED JUICE,CHILLED ORANGE JUICE,CHILLED OJ PREMIUM BFY,2918300601,PURE ORANGE JUICE             
GROCERY,CHILLED JUICE,CHILLED ORANGE JUICE,CHILLED OJ PREMIUM BFY,2918300621,PURE ORANGE JUICE             
GROCERY,CHILLED JUICE,CHILLED ORANGE JUICE,CHILLED OJ PREMIUM BFY,2918302001,FNTASY FARMS DINASAUR CITRUS
GROCERY,CHILLED JUICE,CHILLED ORANGE JUICE,CHILLED OJ PREMIUM BFY,2918302002,FNTASY FRMS DINASAUR O.J.CON.
GROCERY,CHILLED JUICE,CHILLED ORANGE JUICE,CHILLED OJ PREMIUM BFY,3610000003,TEXSUN REGULAR ORANGE JUICE
GROCERY,CHILLED JUICE,CHILLED ORANGE JUICE,CHILLED OJ PREMIUM BFY,3890000985,DOLE 100% JUICE-PINEAPPLE/OGE
GROCERY,CHILLED JUICE,CHILLED ORANGE JUICE,CHILLED OJ PREMIUM BFY,3890000987,DOLE 100% JUICE-PINE/OGE/BAN
GROCERY,CHILLED JUICE,CHILLED ORANGE JUICE,CHILLED OJ PREMIUM BFY,4122010232,CM ORGANICS ORANGE JUICE
GROCERY,CHILLED JUICE,CHILLED ORANGE JUICE,CHILLED OJ PREMIUM BFY,4122010243,CMO ORANGE JUICE CALCIUM
GROCERY,CHILLED JUICE,CHILLED ORANGE JUICE,CHILLED OJ PREMIUM BFY,4122014726,HEB NFC PREMIUM W/ CALCIUM OJ
GROCERY,CHILLED JUICE,CHILLED ORANGE JUICE,CHILLED OJ PREMIUM BFY,4122021095,HEBO ORANGE PEACH MANGO JUICE
GROCERY,CHILLED JUICE,CHILLED ORANGE JUICE,CHILLED OJ PREMIUM BFY,4122021100,HEBO PINEAPPLE ORANGE BANANA
GROCERY,CHILLED JUICE,CHILLED ORANGE JUICE,CHILLED OJ PREMIUM BFY,4122021101,HEBO ORANGE STRAWBERRY BANANA
GROCERY,CHILLED JUICE,CHILLED ORANGE JUICE,CHILLED OJ PREMIUM BFY,4122057786,HEB ORG OJ W/ CALCIUM 52OZ
GROCERY,CHILLED JUICE,CHILLED ORANGE JUICE,CHILLED OJ PREMIUM BFY,4122057999,HEB SI CALCIUM OJ NFC 52OZ
GROCERY,CHILLED JUICE,CHILLED ORANGE JUICE,CHILLED OJ PREMIUM BFY,4122058032,HEB SI CALCIUM OJ NFC 89OZ
GROCERY,CHILLED JUICE,CHILLED ORANGE JUICE,CHILLED OJ PREMIUM BFY,4122067591,HEB PREMIUM OJ WITH CALCIUM
GROCERY,CHILLED JUICE,CHILLED ORANGE JUICE,CHILLED OJ PREMIUM BFY,4122082382,HEB NFC PREM OJ W/CALCIUM 92OZ
GROCERY,CHILLED JUICE,CHILLED ORANGE JUICE,CHILLED OJ PREMIUM BFY,4122086216,HEB PREMIUM OJ W/CALC NFC 59OZ
GROCERY,CHILLED JUICE,CHILLED ORANGE JUICE,CHILLED OJ PREMIUM BFY,4122086223,CMO OJ NFC 59OZ
GROCERY,CHILLED JUICE,CHILLED ORANGE JUICE,CHILLED OJ PREMIUM BFY,4122086224,CMO OJ WITH CALCIUM NFC  59OZ
GROCERY,CHILLED JUICE,CHILLED ORANGE JUICE,CHILLED OJ PREMIUM BFY,4127100787,OAK FARMS PLST. ORANGE JUICE  
GROCERY,CHILLED JUICE,CHILLED ORANGE JUICE,CHILLED OJ PREMIUM BFY,4131852089,BORDEN VITAMITE NON DAIRY BEV 
GROCERY,CHILLED JUICE,CHILLED ORANGE JUICE,CHILLED OJ PREMIUM BFY,4146700053,SCHEPPS ORANGE JUICE GAL.     
GROCERY,CHILLED JUICE,CHILLED ORANGE JUICE,CHILLED OJ PREMIUM BFY,4146700054,SCHEPPS ORANGE JUICE 1/2 GAL. 
GROCERY,CHILLED JUICE,CHILLED ORANGE JUICE,CHILLED OJ PREMIUM BFY,4146700221,SCHEPPS ORANGE JUICE PINT     
GROCERY,CHILLED JUICE,CHILLED ORANGE JUICE,CHILLED OJ PREMIUM BFY,4180040117,WEL HS WHT GRP ORG MANGO 100% 
GROCERY,CHILLED JUICE,CHILLED ORANGE JUICE,CHILLED OJ PREMIUM BFY,4256301247,WDSTK FRM NFC ORANGE JUICE ORG
GROCERY,CHILLED JUICE,CHILLED ORANGE JUICE,CHILLED OJ PREMIUM BFY,4256301248,WDSTK FRM NFC ORGNG JC CNT ORG
GROCERY,CHILLED JUICE,CHILLED ORANGE JUICE,CHILLED OJ PREMIUM BFY,4256301249,WDSTK FRM NFC ORGNG JC CLC ORG
GROCERY,CHILLED JUICE,CHILLED ORANGE JUICE,CHILLED OJ PREMIUM BFY,4850000007,TROPICANA PURE PREM VALENCIA  
GROCERY,CHILLED JUICE,CHILLED ORANGE JUICE,CHILLED OJ PREMIUM BFY,4850000008,TROPICANA PURE POMEG BLUEBERRY
GROCERY,CHILLED JUICE,CHILLED ORANGE JUICE,CHILLED OJ PREMIUM BFY,4850000010,TROPICANA PURE RASPBERRY ACAI 
GROCERY,CHILLED JUICE,CHILLED ORANGE JUICE,CHILLED OJ PREMIUM BFY,4850000101,TROP PURE PREMIUM O.J. CARTON
GROCERY,CHILLED JUICE,CHILLED ORANGE JUICE,CHILLED OJ PREMIUM BFY,4850000120,TROPICANA SEASON!S BEST OJ
GROCERY,CHILLED JUICE,CHILLED ORANGE JUICE,CHILLED OJ PREMIUM BFY,4850000122,D.TROP RUBY RED GRAPEFRT JUICE
GROCERY,CHILLED JUICE,CHILLED ORANGE JUICE,CHILLED OJ PREMIUM BFY,4850000124,TROPICANA SEASONS B APPLE JCE
GROCERY,CHILLED JUICE,CHILLED ORANGE JUICE,CHILLED OJ PREMIUM BFY,4850000138,TROP PURE PREM OJ SOME PULP   
GROCERY,CHILLED JUICE,CHILLED ORANGE JUICE,CHILLED OJ PREMIUM BFY,4850000219,TROPICANA TROP ORG PEACH MANGO
GROCERY,CHILLED JUICE,CHILLED ORANGE JUICE,CHILLED OJ PREMIUM BFY,4850000220,TROPICANA TROP ORG KIWI PASSIO
GROCERY,CHILLED JUICE,CHILLED ORANGE JUICE,CHILLED OJ PREMIUM BFY,4850000228,TROP SEASONS B HOMSTYL ORNG JC
GROCERY,CHILLED JUICE,CHILLED ORANGE JUICE,CHILLED OJ PREMIUM BFY,4850000231,TROPICANA TROP ORANGE PINAPPLE
GROCERY,CHILLED JUICE,CHILLED ORANGE JUICE,CHILLED OJ PREMIUM BFY,4850000251,TROPICANA SEASONS BEST ORNG JC
GROCERY,CHILLED JUICE,CHILLED ORANGE JUICE,CHILLED OJ PREMIUM BFY,4850000264,TROPICANA TROP ORG STRAW BANAN
GROCERY,CHILLED JUICE,CHILLED ORANGE JUICE,CHILLED OJ PREMIUM BFY,4850000273,TROPICANA PP OJ HOMESTYLE     
GROCERY,CHILLED JUICE,CHILLED ORANGE JUICE,CHILLED OJ PREMIUM BFY,4850000274,TROP PURE PREM ORNG JUICE 3-PK
GROCERY,CHILLED JUICE,CHILLED ORANGE JUICE,CHILLED OJ PREMIUM BFY,4850000415,D.TROPICANA PP OJ GROVESTAND  
GROCERY,CHILLED JUICE,CHILLED ORANGE JUICE,CHILLED OJ PREMIUM BFY,4850000416,TROPICANA SEASONS BEST W/CAL
GROCERY,CHILLED JUICE,CHILLED ORANGE JUICE,CHILLED OJ PREMIUM BFY,4850000431,TROP SEASON BEST OJ W/PULP
GROCERY,CHILLED JUICE,CHILLED ORANGE JUICE,CHILLED OJ PREMIUM BFY,4850000472,TROP PURE PREM RUBY RED ORANGE
GROCERY,CHILLED JUICE,CHILLED ORANGE JUICE,CHILLED OJ PREMIUM BFY,4850000480,TROPICANA SEASONS B OJ + VTMNS
GROCERY,CHILLED JUICE,CHILLED ORANGE JUICE,CHILLED OJ PREMIUM BFY,4850000555,TROPICANA SB CRANBERRY MEDLEY
GROCERY,CHILLED JUICE,CHILLED ORANGE JUICE,CHILLED OJ PREMIUM BFY,4850000569,TROPICANA PP W/CAL W/O PULP   
GROCERY,CHILLED JUICE,CHILLED ORANGE JUICE,CHILLED OJ PREMIUM BFY,4850000570,D.TROPICANA PP VTNMS A C E    
GROCERY,CHILLED JUICE,CHILLED ORANGE JUICE,CHILLED OJ PREMIUM BFY,4850000668,TROPICANA SEASON BST W/CALCIUM
GROCERY,CHILLED JUICE,CHILLED ORANGE JUICE,CHILLED OJ PREMIUM BFY,4850000673,TROP PP OJ/TANG NO PULP W/CAL
GROCERY,CHILLED JUICE,CHILLED ORANGE JUICE,CHILLED OJ PREMIUM BFY,4850000680,TROPICANA PURE PREMIUM GLASS
GROCERY,CHILLED JUICE,CHILLED ORANGE JUICE,CHILLED OJ PREMIUM BFY,4850000704,TROP BURSTERS STRAWBERRY/ORG
GROCERY,CHILLED JUICE,CHILLED ORANGE JUICE,CHILLED OJ PREMIUM BFY,4850000706,TROPICANA BURSTERS ORANGE
GROCERY,CHILLED JUICE,CHILLED ORANGE JUICE,CHILLED OJ PREMIUM BFY,4850000707,TROP BURSTERS PINEAPPLE/ORG
GROCERY,CHILLED JUICE,CHILLED ORANGE JUICE,CHILLED OJ PREMIUM BFY,4850000734,TROPICANA PP OJ W/ CAL NO PULP
GROCERY,CHILLED JUICE,CHILLED ORANGE JUICE,CHILLED OJ PREMIUM BFY,4850000766,TROP PURE PREM TROPICAL ORANGE
GROCERY,CHILLED JUICE,CHILLED ORANGE JUICE,CHILLED OJ PREMIUM BFY,4850000767,TROP PURE PREMIUM O.J. CARTON
GROCERY,CHILLED JUICE,CHILLED ORANGE JUICE,CHILLED OJ PREMIUM BFY,4850000784,TROP PP GROVESTAND W/CAL/PULP 
GROCERY,CHILLED JUICE,CHILLED ORANGE JUICE,CHILLED OJ PREMIUM BFY,4850000786,TROP PP RUBY RED GRPFRT W/CAL 
GROCERY,CHILLED JUICE,CHILLED ORANGE JUICE,CHILLED OJ PREMIUM BFY,4850000814,TROPICANA PURE PREMIUM OJ     
GROCERY,CHILLED JUICE,CHILLED ORANGE JUICE,CHILLED OJ PREMIUM BFY,4850000818,TROPICANA PURE PREM OJ W/CALC
GROCERY,CHILLED JUICE,CHILLED ORANGE JUICE,CHILLED OJ PREMIUM BFY,4850000820,TROPICANA PP W/CAL NO PULP 6PK
GROCERY,CHILLED JUICE,CHILLED ORANGE JUICE,CHILLED OJ PREMIUM BFY,4850000842,TROPICANA PP ORANGE/STRW/BANAN
GROCERY,CHILLED JUICE,CHILLED ORANGE JUICE,CHILLED OJ PREMIUM BFY,4850000851,TROP PP ORANGE BANANA 64 OZ
GROCERY,CHILLED JUICE,CHILLED ORANGE JUICE,CHILLED OJ PREMIUM BFY,4850000922,TROPICANA PP OJ/LOW ACID      
GROCERY,CHILLED JUICE,CHILLED ORANGE JUICE,CHILLED OJ PREMIUM BFY,4850000932,TROP PP 14OZ 4 PK OJ          
GROCERY,CHILLED JUICE,CHILLED ORANGE JUICE,CHILLED OJ PREMIUM BFY,4850000933,TROP PP 14OZ 4PK LOW ACID
GROCERY,CHILLED JUICE,CHILLED ORANGE JUICE,CHILLED OJ PREMIUM BFY,4850000934,TROP PP 14OZ 4PK WITH PULP
GROCERY,CHILLED JUICE,CHILLED ORANGE JUICE,CHILLED OJ PREMIUM BFY,4850000935,TROP PP 14OZ 4PK CALCIUM      
GROCERY,CHILLED JUICE,CHILLED ORANGE JUICE,CHILLED OJ PREMIUM BFY,4850000936,TROP PP SINGLES OJ            
GROCERY,CHILLED JUICE,CHILLED ORANGE JUICE,CHILLED OJ PREMIUM BFY,4850000939,TROP PP SINGLES OJ W/CALCIUM  
GROCERY,CHILLED JUICE,CHILLED ORANGE JUICE,CHILLED OJ PREMIUM BFY,4850000954,TROP PURE PREMIUM HEALTHY KIDS
GROCERY,CHILLED JUICE,CHILLED ORANGE JUICE,CHILLED OJ PREMIUM BFY,4850000955,PURE PREMIUM HEALTHY HEART    
GROCERY,CHILLED JUICE,CHILLED ORANGE JUICE,CHILLED OJ PREMIUM BFY,4850001046,DOLE 100% JCE PINE ORG BAN 8PK
GROCERY,CHILLED JUICE,CHILLED ORANGE JUICE,CHILLED OJ PREMIUM BFY,4850001047,DOLE 100% JCE ORG STRW BAN 8PK
GROCERY,CHILLED JUICE,CHILLED ORANGE JUICE,CHILLED OJ PREMIUM BFY,4850001083,TROP PP SINGLES PINAPPLE/OJ
GROCERY,CHILLED JUICE,CHILLED ORANGE JUICE,CHILLED OJ PREMIUM BFY,4850001084,TROP PP SINGLES RR GRAPEFRUIT
GROCERY,CHILLED JUICE,CHILLED ORANGE JUICE,CHILLED OJ PREMIUM BFY,4850001093,TROPICANA PURE PREMIUM CARAFE 
GROCERY,CHILLED JUICE,CHILLED ORANGE JUICE,CHILLED OJ PREMIUM BFY,4850001094,PURE PREMIUM CARAFE GROVESTAND
GROCERY,CHILLED JUICE,CHILLED ORANGE JUICE,CHILLED OJ PREMIUM BFY,4850001095,TROPICANA PP CARAFE W/CALCIUM 
GROCERY,CHILLED JUICE,CHILLED ORANGE JUICE,CHILLED OJ PREMIUM BFY,4850001557,D.TROPICANA ESSENTIALS OJ FIBR
GROCERY,CHILLED JUICE,CHILLED ORANGE JUICE,CHILLED OJ PREMIUM BFY,4850001561,TROPICANA LNH TWIN PACK
GROCERY,CHILLED JUICE,CHILLED ORANGE JUICE,CHILLED OJ PREMIUM BFY,4850001591,D.TROP PURE VALENCIA ORANGE
GROCERY,CHILLED JUICE,CHILLED ORANGE JUICE,CHILLED OJ PREMIUM BFY,4850001592,D.TROP PURE MANGO ORANGE
GROCERY,CHILLED JUICE,CHILLED ORANGE JUICE,CHILLED OJ PREMIUM BFY,4850001593,D.TROP PURE TRIPLE BERRY
GROCERY,CHILLED JUICE,CHILLED ORANGE JUICE,CHILLED OJ PREMIUM BFY,4850001594,D.TROP PURE POMEGRANATE BLUBRY
GROCERY,CHILLED JUICE,CHILLED ORANGE JUICE,CHILLED OJ PREMIUM BFY,4850001667,DOLE 100% JUICE STRAWBERRY KIW
GROCERY,CHILLED JUICE,CHILLED ORANGE JUICE,CHILLED OJ PREMIUM BFY,4850001704,TROP PURE PREM OJ GRVSTND 6PK
GROCERY,CHILLED JUICE,CHILLED ORANGE JUICE,CHILLED OJ PREMIUM BFY,4850001756,D.TROP ORG OJ ORCHARD HRVST
GROCERY,CHILLED JUICE,CHILLED ORANGE JUICE,CHILLED OJ PREMIUM BFY,4850001757,D.TROP ORG PEAR/APPLE ORC
GROCERY,CHILLED JUICE,CHILLED ORANGE JUICE,CHILLED OJ PREMIUM BFY,4850001781,TROPICANA CRANBERRY JUICE     
GROCERY,CHILLED JUICE,CHILLED ORANGE JUICE,CHILLED OJ PREMIUM BFY,4850001797,TROPICANA STRAWBERRY BANANA   
GROCERY,CHILLED JUICE,CHILLED ORANGE JUICE,CHILLED OJ PREMIUM BFY,4850001819,TROP PURE POMEGRANATE BLUEBRY 
GROCERY,CHILLED JUICE,CHILLED ORANGE JUICE,CHILLED OJ PREMIUM BFY,4850001820,TROP PURE INDN RVR GRAPEFRUIT 
GROCERY,CHILLED JUICE,CHILLED ORANGE JUICE,CHILLED OJ PREMIUM BFY,4850001821,TROP PURE PEACH PAPAYA MANGO  
GROCERY,CHILLED JUICE,CHILLED ORANGE JUICE,CHILLED OJ PREMIUM BFY,4850001822,TROP PURE RASPBERRY ACAI      
GROCERY,CHILLED JUICE,CHILLED ORANGE JUICE,CHILLED OJ PREMIUM BFY,4850001823,TROP PURE VALENCIA OJ NO PULP 
GROCERY,CHILLED JUICE,CHILLED ORANGE JUICE,CHILLED OJ PREMIUM BFY,4850001824,TROP PURE VALENCIAOJ WITH PULP
GROCERY,CHILLED JUICE,CHILLED ORANGE JUICE,CHILLED OJ PREMIUM BFY,4850001825,TROP PURE VALENCIA OJ MANGO   
GROCERY,CHILLED JUICE,CHILLED ORANGE JUICE,CHILLED OJ PREMIUM BFY,4850001829,TROP PP HOMESTYLE SOME PULP   
GROCERY,CHILLED JUICE,CHILLED ORANGE JUICE,CHILLED OJ PREMIUM BFY,4850001830,TROP PP ORIG NO PULP W CALCIUM
GROCERY,CHILLED JUICE,CHILLED ORANGE JUICE,CHILLED OJ PREMIUM BFY,4850001904,TROP50 OJ W/ CALCIUM SS
GROCERY,CHILLED JUICE,CHILLED ORANGE JUICE,CHILLED OJ PREMIUM BFY,4850002014,TROP50 ORANGE JUICE SOME PULP 
GROCERY,CHILLED JUICE,CHILLED ORANGE JUICE,CHILLED OJ PREMIUM BFY,4850002074,TROPICANA PURE PREMIUM W/CALC
GROCERY,CHILLED JUICE,CHILLED ORANGE JUICE,CHILLED OJ PREMIUM BFY,4850002086,TROP50 BLOOD ORANGE           
GROCERY,CHILLED JUICE,CHILLED ORANGE JUICE,CHILLED OJ PREMIUM BFY,4850002150,TROP FARMSTAND STRAW BANA     
GROCERY,CHILLED JUICE,CHILLED ORANGE JUICE,CHILLED OJ PREMIUM BFY,4850002225,TROP FARMSTAND ORANGE PINEAPP 
GROCERY,CHILLED JUICE,CHILLED ORANGE JUICE,CHILLED OJ PREMIUM BFY,4850020108,TROP PP VIT C/ZINC NO PULP    
GROCERY,CHILLED JUICE,CHILLED ORANGE JUICE,CHILLED OJ PREMIUM BFY,4850020227,TROPICANA PRO GRN ORCH
GROCERY,CHILLED JUICE,CHILLED ORANGE JUICE,CHILLED OJ PREMIUM BFY,4850020277,TROPICANA WITH CALCIUM OJ 52OZ
GROCERY,CHILLED JUICE,CHILLED ORANGE JUICE,CHILLED OJ PREMIUM BFY,4850020314,TROPICANA PRO ESSNTL MANGO LEM
GROCERY,CHILLED JUICE,CHILLED ORANGE JUICE,CHILLED OJ PREMIUM BFY,4850020315,TROPICANA PRO ESSNTL PNPL LM
GROCERY,CHILLED JUICE,CHILLED ORANGE JUICE,CHILLED OJ PREMIUM BFY,4850020569,TROPICANA 59OZ WITH CALCIUM   
GROCERY,CHILLED JUICE,CHILLED ORANGE JUICE,CHILLED OJ PREMIUM BFY,4850020784,TROP GROVESTAND W/CALCIUM     
GROCERY,CHILLED JUICE,CHILLED ORANGE JUICE,CHILLED OJ PREMIUM BFY,4850030569,TROPICANA PURE PREMIUM W/CALCI
GROCERY,CHILLED JUICE,CHILLED ORANGE JUICE,CHILLED OJ PREMIUM BFY,4850030784,TROPICANA LOTS OF PULP W/CAL
GROCERY,CHILLED JUICE,CHILLED ORANGE JUICE,CHILLED OJ PREMIUM BFY,4850030922,TROPICANA PURE PRM LOW ACID OJ
GROCERY,CHILLED JUICE,CHILLED ORANGE JUICE,CHILLED OJ PREMIUM BFY,4850050057,TROPICANA PURE PREMIUM OJ     
GROCERY,CHILLED JUICE,CHILLED ORANGE JUICE,CHILLED OJ PREMIUM BFY,4850075949,TROPICANA LNH TWIN PACK
GROCERY,CHILLED JUICE,CHILLED ORANGE JUICE,CHILLED OJ PREMIUM BFY,5360010243,TREE RIPE PREM NATU ORAN JUICE
GROCERY,CHILLED JUICE,CHILLED ORANGE JUICE,CHILLED OJ PREMIUM BFY,5360010248,TREE RIPE ORAN STRAW BAN JUICE
GROCERY,CHILLED JUICE,CHILLED ORANGE JUICE,CHILLED OJ PREMIUM BFY,5360010296,TREE RIPE PREM OJ W/CAL 8/6OZ 
GROCERY,CHILLED JUICE,CHILLED ORANGE JUICE,CHILLED OJ PREMIUM BFY,7002601582,HYGEIA ORANGE JUICE PLASTIC   
GROCERY,CHILLED JUICE,CHILLED ORANGE JUICE,CHILLED OJ PREMIUM BFY,7002601588,100% ORANGE JUICE             
GROCERY,CHILLED JUICE,CHILLED ORANGE JUICE,CHILLED OJ PREMIUM BFY,7073452201,CELESTIAL S KOMBUCHA SHOT BRY 
GROCERY,CHILLED JUICE,CHILLED ORANGE JUICE,CHILLED OJ PREMIUM BFY,7073452202,CELESTIAL S KOMBUCHA SHOT CITR
GROCERY,CHILLED JUICE,CHILLED ORANGE JUICE,CHILLED OJ PREMIUM BFY,7073452203,CELESTIAL S KOMBUCHA SHOT EXTR
GROCERY,CHILLED JUICE,CHILLED ORANGE JUICE,CHILLED OJ PREMIUM BFY,7104310821,A&E 100% ORANGE JUICE
GROCERY,CHILLED JUICE,CHILLED ORANGE JUICE,CHILLED OJ PREMIUM BFY,7227000696,PURE ORANGE JUICE
GROCERY,CHILLED JUICE,CHILLED ORANGE JUICE,CHILLED OJ PREMIUM BFY,8907610004,SHATTO FRUIT PUNCH            
GROCERY,CHILLED JUICE,CHILLED ORANGE JUICE,CHILLED OJ PREMIUM BFY,9103726368,ORG KOMBUCHA TANGERINE RTD TEA
GROCERY,CHILLED JUICE,CHILLED ORANGE JUICE,CHILLED OJ PREMIUM BFY,9396600077,ORGANIC VALLEY GRAPEFRT JUICE 
GROCERY,CHILLED JUICE,CHILLED ORANGE JUICE,CHILLED OJ PREMIUM BFY,9396600078,ORG VALLEY ORANGE JUICE W/CAL 
GROCERY,CHILLED JUICE,CHILLED ORANGE JUICE,CHILLED OJ PREMIUM BFY,9396600079,ORGANIC VALLEY OJ W/PULP      
GROCERY,CHILLED JUICE,CHILLED ORANGE JUICE,CHILLED OJ PREMIUM BFY,9396600080,ORGANIC VALLEY ORANGE JUICE   
GROCERY,CHILLED JUICE,CHILLED ORANGE JUICE,CHILLED OJ PREMIUM BFY,18012700017,ZICO NATRL PREM COCONUT WATER 
GROCERY,CHILLED JUICE,CHILLED ORANGE JUICE,CHILLED OJ PREMIUM BFY,18012700019,ZICO CHOCOLATE COCONUT WATER  
GROCERY,CHILLED JUICE,CHILLED ORANGE JUICE,CHILLED OJ PREMIUM BFY,18012700029,ZICO MIX BERRY COCONUT WATER  
GROCERY,CHILLED JUICE,CHILLED ORANGE JUICE,CHILLED OJ PREMIUM BFY,18012700036,ZICO STWRY BANA COCONT WATER  
GROCERY,CHILLED JUICE,CHILLED ORANGE JUICE,CHILLED OJ PREMIUM BFY,18253700007,FRUTZZO NATRL POMEGRANATE JCE 
GROCERY,CHILLED JUICE,CHILLED ORANGE JUICE,CHILLED OJ PREMIUM BFY,18253700008,FRUTZZO NATRL POMEG BLUEBERRY 
GROCERY,CHILLED JUICE,CHILLED ORANGE JUICE,CHILLED OJ PREMIUM BFY,18253700009,FRUTZZO NATRL POMGRNT CHERRY  
GROCERY,CHILLED JUICE,CHILLED ORANGE JUICE,CHILLED OJ PREMIUM BFY,18253700010,FRUTZZO NATRL POMGRNT MANGO   
GROCERY,CHILLED JUICE,CHILLED ORANGE JUICE,CHILLED OJ PREMIUM BFY,18253700012,FRUTZZO NATRL PMGRNT RASPBERRY
GROCERY,CHILLED JUICE,CHILLED ORANGE JUICE,CHILLED OJ PREMIUM BFY,18253700023,FRUTZZO ORG PMGRANT BLUEBERRY 
GROCERY,CHILLED JUICE,CHILLED ORANGE JUICE,CHILLED OJ PREMIUM BFY,18253700024,FRUTZZO ORG PMGRNT PSN FRT JCE
GROCERY,CHILLED JUICE,CHILLED ORANGE JUICE,CHILLED OJ PREMIUM BFY,18253700025,FRUTZZO ORG PMGRANT RSPBRY JCE
GROCERY,CHILLED JUICE,CHILLED ORANGE JUICE,CHILLED OJ PREMIUM BFY,18253700026,FRUTZZO ORG POMEGRANATE JUICE 
GROCERY,CHILLED JUICE,CHILLED ORANGE JUICE,CHILLED OJ PREMIUM BFY,18253700027,FRTZ JCE ACAI POMGRAN OG      
GROCERY,CHILLED JUICE,CHILLED ORANGE JUICE,CHILLED OJ PREMIUM BFY,18253700032,FRUTZZO NTRL YUMBERRY JUICE   
GROCERY,CHILLED JUICE,CHILLED ORANGE JUICE,CHILLED OJ PREMIUM BFY,18253700033,FRUTZZO NTRL YUMBERRY BLUE JCE
GROCERY,CHILLED JUICE,CHILLED ORANGE JUICE,CHILLED OJ PREMIUM BFY,18253700035,FRUTZZO NTRL YUMBERRY POM JCE 
GROCERY,CHILLED JUICE,CHILLED ORANGE JUICE,CHILLED OJ PREMIUM BFY,18669200018,GO APPETIT GAZPACHO BEVERAGE  
GROCERY,CHILLED JUICE,CHILLED ORANGE JUICE,CHILLED OJ PREMIUM BFY,18669200028,D.GO APPETIT MANGO MELANGE BEV
GROCERY,CHILLED JUICE,CHILLED ORANGE JUICE,CHILLED OJ PREMIUM BFY,18669200038,GO APPETIT CARROT BISQUE BEVR 
GROCERY,CHILLED JUICE,CHILLED ORANGE JUICE,CHILLED OJ PREMIUM BFY,40000012600,FLORIDA!S NATURAL PREMIUM OJ
GROCERY,CHILLED JUICE,CHILLED ORANGE JUICE,CHILLED OJ PREMIUM BFY,40000012603,FLORIDA!S NATURAL PREM HOMSTL
GROCERY,CHILLED JUICE,CHILLED ORANGE JUICE,CHILLED OJ PREMIUM BFY,40000014903,MINUTE MAID ORANGE JUICE PLAST
GROCERY,CHILLED JUICE,CHILLED ORANGE JUICE,CHILLED OJ PREMIUM BFY,40000021923,MINUTE MAID ORANGE JUICE
GROCERY,CHILLED JUICE,CHILLED ORANGE JUICE,CHILLED OJ PREMIUM BFY,40000021924,MINUTE MAID ORANGE JC CNTRY ST
GROCERY,CHILLED JUICE,CHILLED ORANGE JUICE,CHILLED OJ PREMIUM BFY,40000021925,MINUTE MAID ORGE JCE PULP FREE
GROCERY,CHILLED JUICE,CHILLED ORANGE JUICE,CHILLED OJ PREMIUM BFY,40000021926,MINUTE MAID ORANGE JUICE W/CAL
GROCERY,CHILLED JUICE,CHILLED ORANGE JUICE,CHILLED OJ PREMIUM BFY,40000029465,FN GROWER!S PRIDE ORANGE JUICE
GROCERY,CHILLED JUICE,CHILLED ORANGE JUICE,CHILLED OJ PREMIUM BFY,40000029467,FN GROWER!S PRIDE CS ORANGE JU
GROCERY,CHILLED JUICE,CHILLED ORANGE JUICE,CHILLED OJ PREMIUM BFY,40000051214,*B* HEB PREM. ORANGE JUICE
GROCERY,CHILLED JUICE,CHILLED ORANGE JUICE,CHILLED OJ PREMIUM BFY,40000067962,TROPICANA PURE PREM GROVESTAND
GROCERY,CHILLED JUICE,CHILLED ORANGE JUICE,CHILLED OJ PREMIUM BFY,40000082109,HORIZON ORG ORNGE JUICE W/PULP
GROCERY,CHILLED JUICE,CHILLED ORANGE JUICE,CHILLED OJ PREMIUM BFY,40000120011,B ORG VLLY ORNG JUICE PLP FR  
GROCERY,CHILLED JUICE,CHILLED ORANGE JUICE,CHILLED OJ PREMIUM BFY,40000120012,B ORG VLLY ORNG JUICE W/PULP  
GROCERY,CHILLED JUICE,CHILLED ORANGE JUICE,CHILLED OJ PREMIUM BFY,40000120013,B ORG VLLY ORNG JUICE W/CAL   
GROCERY,CHILLED JUICE,CHILLED ORANGE JUICE,CHILLED OJ PREMIUM BFY,40000131706,FRUTZZO NATRL POMGRNT CHERRY
GROCERY,CHILLED JUICE,CHILLED ORANGE JUICE,CHILLED OJ PREMIUM BFY,40000131708,FRUTZZO NATRL POMEG BLUEBERRY
GROCERY,CHILLED JUICE,CHILLED ORANGE JUICE,CHILLED OJ PREMIUM BFY,40000131711,FRUTZZO NATRL POMEGRANATE JCE
GROCERY,CHILLED JUICE,CHILLED ORANGE JUICE,CHILLED OJ PREMIUM BFY,40000134157,D.CM ORGANICS ORANGE JUICE    
GROCERY,CHILLED JUICE,CHILLED ORANGE JUICE,CHILLED OJ PREMIUM BFY,40000134158,CM ORGANICS ORANGE JUICE W/CAL
GROCERY,CHILLED JUICE,CHILLED ORANGE JUICE,CHILLED OJ PREMIUM BFY,40000135920,SIMPLY ORANGE W/PINEAPPLE     
GROCERY,CHILLED JUICE,CHILLED ORANGE JUICE,CHILLED OJ PREMIUM BFY,40000135921,SIMPLY ORANGE W/MANGO         
GROCERY,CHILLED JUICE,CHILLED ORANGE JUICE,CHILLED OJ PREMIUM BFY,40000151199,NDOR 051470 HRSC-MILK PLANT   
GROCERY,CHILLED JUICE,CHILLED ORANGE JUICE,CHILLED OJ PREMIUM BFY,40000151202,HEB CALCIUM NFC O.J.          
GROCERY,CHILLED JUICE,CHILLED ORANGE JUICE,CHILLED OJ PREMIUM BFY,40000153069,HEB CALCIUM NFC ORANGE JUICE
GROCERY,CHILLED JUICE,CHILLED ORANGE JUICE,CHILLED OJ PREMIUM BFY,40000153409,FRUIT2DAY CHERRY/GRAPE SINGLE 
GROCERY,CHILLED JUICE,CHILLED ORANGE JUICE,CHILLED OJ PREMIUM BFY,40000153410,FRUIT2DAY STRWBERRY/ORG SINGLE
GROCERY,CHILLED JUICE,CHILLED ORANGE JUICE,CHILLED OJ PREMIUM BFY,40000153411,FRUIT2DAY MANGO/PEACH SINGLE  
GROCERY,CHILLED JUICE,CHILLED ORANGE JUICE,CHILLED OJ PREMIUM BFY,40000153412,FRUIT2DAY PINEAPPLE/BAN SINGLE
GROCERY,CHILLED JUICE,CHILLED ORANGE JUICE,CHILLED OJ PREMIUM BFY,40000153413,FRUIT2DAY POM/BLUEBERRY SINGLE
GROCERY,CHILLED JUICE,CHILLED ORANGE JUICE,CHILLED OJ PREMIUM BFY,40000163479,GENESIS TODAY GOJI BERRY      
GROCERY,CHILLED JUICE,CHILLED ORANGE JUICE,CHILLED OJ PREMIUM BFY,40000169583,GENESIS TODAY WAKE ME ORANGE  
GROCERY,CHILLED JUICE,CHILLED ORANGE JUICE,CHILLED OJ PREMIUM BFY,40000205161,UNCLE MATTS ORGANIC ORANGE SS
GROCERY,CHILLED JUICE,CHILLED ORANGE JUICE,CHILLED OJ PREMIUM BFY,60280401202,AG ORANGE JUICE
GROCERY,CHILLED JUICE,CHILLED ORANGE JUICE,CHILLED OJ PREMIUM BFY,61007498895,LATTA ND KEFIR COCONUT WATER  
GROCERY,CHILLED JUICE,CHILLED ORANGE JUICE,CHILLED OJ PREMIUM BFY,66547906210,KOMBUCHA WONDER RAW INDIA
GROCERY,CHILLED JUICE,CHILLED ORANGE JUICE,CHILLED OJ PREMIUM BFY,66547906220,KOBUCHA WONDER RAW JAPAN
GROCERY,CHILLED JUICE,CHILLED ORANGE JUICE,CHILLED OJ PREMIUM BFY,66547906230,KOMBUCHA WONDER RAW TIBET GOJI
GROCERY,CHILLED JUICE,CHILLED ORANGE JUICE,CHILLED OJ PREMIUM BFY,69706812011,UNCLE MATTS ORGANIC ORANGE SS
GROCERY,CHILLED JUICE,CHILLED ORANGE JUICE,CHILLED OJ PREMIUM BFY,69706832031,UNCLE MATT ORG ORNGE PINE/BANA
GROCERY,CHILLED JUICE,CHILLED ORANGE JUICE,CHILLED OJ PREMIUM BFY,69706832032,UNCLE MATT ORG ORNGE/PCH/MNGO
GROCERY,CHILLED JUICE,CHILLED ORANGE JUICE,CHILLED OJ PREMIUM BFY,69706857011,UNCLE MATTS ORG ORANGE JUICE  
GROCERY,CHILLED JUICE,CHILLED ORANGE JUICE,CHILLED OJ PREMIUM BFY,69706859011,UNCLE MATTS ORGANIC OJ NO PULP
GROCERY,CHILLED JUICE,CHILLED ORANGE JUICE,CHILLED OJ PREMIUM BFY,69706859012,UNCLE MATTS ORGANIC OJ W/PULP 
GROCERY,CHILLED JUICE,CHILLED ORANGE JUICE,CHILLED OJ PREMIUM BFY,69706859013,UNCLE MATTS ORGANIC OJ W/CALS 
GROCERY,CHILLED JUICE,CHILLED ORANGE JUICE,CHILLED OJ PREMIUM BFY,69706859015,UNCLE MATTS ORG APPLE JCE 59OZ
GROCERY,CHILLED JUICE,CHILLED ORANGE JUICE,CHILLED OJ PREMIUM BFY,70265818492,FRESH PRESSSED JUICE PRPL DLHT
GROCERY,CHILLED JUICE,CHILLED ORANGE JUICE,CHILLED OJ PREMIUM BFY,70265818493,FRESH PRESSED JUICE MTCHA WRIR
GROCERY,CHILLED JUICE,CHILLED ORANGE JUICE,CHILLED OJ PREMIUM BFY,70265818494,FRESH PRESSED JUICE KIWI PWRHS
GROCERY,CHILLED JUICE,CHILLED ORANGE JUICE,CHILLED OJ PREMIUM BFY,70265818495,FRESH PRESSED JUICE TRMRC SNRS
GROCERY,CHILLED JUICE,CHILLED ORANGE JUICE,CHILLED OJ PREMIUM BFY,70265818496,FRESH PRESSED JUICE MLK OF GDS
GROCERY,CHILLED JUICE,CHILLED ORANGE JUICE,CHILLED OJ PREMIUM BFY,70265818539,FRESH PRESSED SPICY TURBO GRNS
GROCERY,CHILLED JUICE,CHILLED ORANGE JUICE,CHILLED OJ PREMIUM BFY,70265818541,FRESH PRESSED SPCY TOMATO GRNS
GROCERY,CHILLED JUICE,CHILLED ORANGE JUICE,CHILLED OJ PREMIUM BFY,70443839648,JERICHO FRSH APPLE PEACH CIDER
GROCERY,CHILLED JUICE,CHILLED ORANGE JUICE,CHILLED OJ PREMIUM BFY,70443839649,JERICHO FRSH APPLE MANGO CIDER
GROCERY,CHILLED JUICE,CHILLED ORANGE JUICE,CHILLED OJ PREMIUM BFY,70443839651,JERICHO FRSH APPLE PEACH CIDER
GROCERY,CHILLED JUICE,CHILLED ORANGE JUICE,CHILLED OJ PREMIUM BFY,71279720033,INDIAN RIVER GRAPEFRUIT JUICE 
GROCERY,CHILLED JUICE,CHILLED ORANGE JUICE,CHILLED OJ PREMIUM BFY,71375777080,HOLY KOMBUCHA GRN APL GINGER  
GROCERY,CHILLED JUICE,CHILLED ORANGE JUICE,CHILLED OJ PREMIUM BFY,71375777090,HOLY KOMBUCHA RASP POMEGRANATE
GROCERY,CHILLED JUICE,CHILLED ORANGE JUICE,CHILLED OJ PREMIUM BFY,71375777100,HOLY KOMBUCHA BLOOD ORANGE    
GROCERY,CHILLED JUICE,CHILLED ORANGE JUICE,CHILLED OJ PREMIUM BFY,71375777110,HOLY KOMBUCHA PRICKLY PEAR    
GROCERY,CHILLED JUICE,CHILLED ORANGE JUICE,CHILLED OJ PREMIUM BFY,72591305023,ROCKET JUICE LMN MNT ECHINACEA
GROCERY,CHILLED JUICE,CHILLED ORANGE JUICE,CHILLED OJ PREMIUM BFY,72628417906,NANTUCKET VITAL-C SMOOTHIE
GROCERY,CHILLED JUICE,CHILLED ORANGE JUICE,CHILLED OJ PREMIUM BFY,73621100416,PITAYA PLUS JUICE             
GROCERY,CHILLED JUICE,CHILLED ORANGE JUICE,CHILLED OJ PREMIUM BFY,74236586410,HORIZON ORG ORNGE JCE PULP/FRE
GROCERY,CHILLED JUICE,CHILLED ORANGE JUICE,CHILLED OJ PREMIUM BFY,74236586411,HORIZON ORGANIC OJ PULP FREE W
GROCERY,CHILLED JUICE,CHILLED ORANGE JUICE,CHILLED OJ PREMIUM BFY,74236586420,HORIZON ORG ORNGE JUICE W/PULP
GROCERY,CHILLED JUICE,CHILLED ORANGE JUICE,CHILLED OJ PREMIUM BFY,74236586421,HORIZON ORGANIC OJ W/PULP CALC
GROCERY,CHILLED JUICE,CHILLED ORANGE JUICE,CHILLED OJ PREMIUM BFY,74236586430,HORIZON ORG GRPFRUIT RUBY RED 
GROCERY,CHILLED JUICE,CHILLED ORANGE JUICE,CHILLED OJ PREMIUM BFY,74236586460,HORIZON ORG ORANGE CARRT JUICE
GROCERY,CHILLED JUICE,CHILLED ORANGE JUICE,CHILLED OJ PREMIUM BFY,74875317371,COLUMBIA G SUPER BERRY        
GROCERY,CHILLED JUICE,CHILLED ORANGE JUICE,CHILLED OJ PREMIUM BFY,74875317771,COLUMBIA G VITA SEA           
GROCERY,CHILLED JUICE,CHILLED ORANGE JUICE,CHILLED OJ PREMIUM BFY,74875318001,COLUMBIA G POM BLUEBRY CHERRY 
GROCERY,CHILLED JUICE,CHILLED ORANGE JUICE,CHILLED OJ PREMIUM BFY,74875360001,COLUMBIA G COCO WATER-CEL KALE
GROCERY,CHILLED JUICE,CHILLED ORANGE JUICE,CHILLED OJ PREMIUM BFY,74875360002,COLUMBIA G COCO WATER MANGO   
GROCERY,CHILLED JUICE,CHILLED ORANGE JUICE,CHILLED OJ PREMIUM BFY,74875381218,COLUMBIA G CARROT BEET CELERY 
GROCERY,CHILLED JUICE,CHILLED ORANGE JUICE,CHILLED OJ PREMIUM BFY,74875381418,COLUMBIA G JUST GREENS        
GROCERY,CHILLED JUICE,CHILLED ORANGE JUICE,CHILLED OJ PREMIUM BFY,74875381618,COLUMBIA G CARROT LEAFY GREENS
GROCERY,CHILLED JUICE,CHILLED ORANGE JUICE,CHILLED OJ PREMIUM BFY,75589115106,PAVICH ORGANIC ORANGE JUICE
GROCERY,CHILLED JUICE,CHILLED ORANGE JUICE,CHILLED OJ PREMIUM BFY,76235700205,EVOLUTION HPP ORANGE JUICE    
GROCERY,CHILLED JUICE,CHILLED ORANGE JUICE,CHILLED OJ PREMIUM BFY,76235701605,EVOLUTION FRESH SUPER GREEN
GROCERY,CHILLED JUICE,CHILLED ORANGE JUICE,CHILLED OJ PREMIUM BFY,76235702032,EVOLUTION FRESH TANGERINE 32
GROCERY,CHILLED JUICE,CHILLED ORANGE JUICE,CHILLED OJ PREMIUM BFY,76235702064,EVOLUTION FRESH TANGERINE     
GROCERY,CHILLED JUICE,CHILLED ORANGE JUICE,CHILLED OJ PREMIUM BFY,76235702264,EVOLUTION FRESH ORGANIC APPLE 
GROCERY,CHILLED JUICE,CHILLED ORANGE JUICE,CHILLED OJ PREMIUM BFY,76235702405,EVOLUTION FRESH PROTEIN POWER
GROCERY,CHILLED JUICE,CHILLED ORANGE JUICE,CHILLED OJ PREMIUM BFY,76235702505,EVOLUTION FRESH ORG STRW LEMON
GROCERY,CHILLED JUICE,CHILLED ORANGE JUICE,CHILLED OJ PREMIUM BFY,76235702678,EVOLUTION FRESH ORG SPICY LEMO
GROCERY,CHILLED JUICE,CHILLED ORANGE JUICE,CHILLED OJ PREMIUM BFY,76235702905,EVOLUTION FRESH ORG GING LIME 
GROCERY,CHILLED JUICE,CHILLED ORANGE JUICE,CHILLED OJ PREMIUM BFY,76235703511,EVOLUTION ESSNTL VEGTBL 11OZ
GROCERY,CHILLED JUICE,CHILLED ORANGE JUICE,CHILLED OJ PREMIUM BFY,76235703605,EVOLUTION FRESH ESSENTIAL GREE
GROCERY,CHILLED JUICE,CHILLED ORANGE JUICE,CHILLED OJ PREMIUM BFY,76235703705,EVOLUTION FRESH ORGANIC V
GROCERY,CHILLED JUICE,CHILLED ORANGE JUICE,CHILLED OJ PREMIUM BFY,76235704028,EVOLUTION FRESH APPLE BERRY FI
GROCERY,CHILLED JUICE,CHILLED ORANGE JUICE,CHILLED OJ PREMIUM BFY,76235704038,EVOLUTION FRESH MANGO FIBER   
GROCERY,CHILLED JUICE,CHILLED ORANGE JUICE,CHILLED OJ PREMIUM BFY,76235704058,EVOLUTION FRESH ESSENTIAL VEG 
GROCERY,CHILLED JUICE,CHILLED ORANGE JUICE,CHILLED OJ PREMIUM BFY,76235704068,EVOLUTION FRESH SWEET GREENS
GROCERY,CHILLED JUICE,CHILLED ORANGE JUICE,CHILLED OJ PREMIUM BFY,76235704111,EVOLUTION BERRY BEET 11OZ
GROCERY,CHILLED JUICE,CHILLED ORANGE JUICE,CHILLED OJ PREMIUM BFY,76235704311,EVOLUTION MANGO GREEN 11OZ    
GROCERY,CHILLED JUICE,CHILLED ORANGE JUICE,CHILLED OJ PREMIUM BFY,76235704411,EVOLUTION GREEN DEVOTION 11OZ
GROCERY,CHILLED JUICE,CHILLED ORANGE JUICE,CHILLED OJ PREMIUM BFY,76235704615,EVOLUTION MATCHA COCONUT ORG  
GROCERY,CHILLED JUICE,CHILLED ORANGE JUICE,CHILLED OJ PREMIUM BFY,76235704715,EVOLUTION MATCHA CITRUS ORG
GROCERY,CHILLED JUICE,CHILLED ORANGE JUICE,CHILLED OJ PREMIUM BFY,76235705956,EVOLUTION ORGANIC LEMONADE    
GROCERY,CHILLED JUICE,CHILLED ORANGE JUICE,CHILLED OJ PREMIUM BFY,76235705958,EVOLUTION F ORANGE            
GROCERY,CHILLED JUICE,CHILLED ORANGE JUICE,CHILLED OJ PREMIUM BFY,76235705961,EVOLUTION F APPLE             
GROCERY,CHILLED JUICE,CHILLED ORANGE JUICE,CHILLED OJ PREMIUM BFY,76235706132,EVOLUTION FRESH ORG GRPFRT 32
GROCERY,CHILLED JUICE,CHILLED ORANGE JUICE,CHILLED OJ PREMIUM BFY,76235706164,EVOLUTION FRESH ORG GRAPEFRUIT
GROCERY,CHILLED JUICE,CHILLED ORANGE JUICE,CHILLED OJ PREMIUM BFY,76235706975,EVOLUTION EMERALD GREENS 11OZ
GROCERY,CHILLED JUICE,CHILLED ORANGE JUICE,CHILLED OJ PREMIUM BFY,76235708646,EVOLUTION FRESH PINE COCO WATE
GROCERY,CHILLED JUICE,CHILLED ORANGE JUICE,CHILLED OJ PREMIUM BFY,76235708696,EVOLUTION FRESH SWT GRN W LEMO
GROCERY,CHILLED JUICE,CHILLED ORANGE JUICE,CHILLED OJ PREMIUM BFY,76235708849,EVOLUTION FRESH SUPER GREEN 32
GROCERY,CHILLED JUICE,CHILLED ORANGE JUICE,CHILLED OJ PREMIUM BFY,76235710143,EVOLUTION FRESH WATERMELON
GROCERY,CHILLED JUICE,CHILLED ORANGE JUICE,CHILLED OJ PREMIUM BFY,76235710849,EVOLUTION PROTEIN PWR GRNS    
GROCERY,CHILLED JUICE,CHILLED ORANGE JUICE,CHILLED OJ PREMIUM BFY,76235712200,EVOLUTION WTRMLN FRESH JUICE
GROCERY,CHILLED JUICE,CHILLED ORANGE JUICE,CHILLED OJ PREMIUM BFY,76235737516,EVOLUTION FRSH CP CCNUT WTR GR
GROCERY,CHILLED JUICE,CHILLED ORANGE JUICE,CHILLED OJ PREMIUM BFY,76235737520,EVOLUTION FRSH ESSNT GRN W LIM
GROCERY,CHILLED JUICE,CHILLED ORANGE JUICE,CHILLED OJ PREMIUM BFY,76235737526,EVOLUTION SMOOTH GREENS       
GROCERY,CHILLED JUICE,CHILLED ORANGE JUICE,CHILLED OJ PREMIUM BFY,76235737692,EVOLUTION FRESH ORG CARROT APP
GROCERY,CHILLED JUICE,CHILLED ORANGE JUICE,CHILLED OJ PREMIUM BFY,76235737892,EVOLUTION FRESH ORG SWT GRNSGN
GROCERY,CHILLED JUICE,CHILLED ORANGE JUICE,CHILLED OJ PREMIUM BFY,76235745717,EVOLUTION SWEET BERRY 15.2OZ  
GROCERY,CHILLED JUICE,CHILLED ORANGE JUICE,CHILLED OJ PREMIUM BFY,76235754625,EVOLUTION ORG GRNS & KALE
GROCERY,CHILLED JUICE,CHILLED ORANGE JUICE,CHILLED OJ PREMIUM BFY,76235772446,EVOLUTION PROTEIN PWR BRY
GROCERY,CHILLED JUICE,CHILLED ORANGE JUICE,CHILLED OJ PREMIUM BFY,76235790064,EVOLUTION FRESH ORANGE        
GROCERY,CHILLED JUICE,CHILLED ORANGE JUICE,CHILLED OJ PREMIUM BFY,76235792223,EVOLUTION ORG GREEN LEMONADE  
GROCERY,CHILLED JUICE,CHILLED ORANGE JUICE,CHILLED OJ PREMIUM BFY,76235799032,EVOLUTION FRESH ORG ORANGE 32 
GROCERY,CHILLED JUICE,CHILLED ORANGE JUICE,CHILLED OJ PREMIUM BFY,76235799064,EVOLUTION FRESH ORGANIC ORANGE
GROCERY,CHILLED JUICE,CHILLED ORANGE JUICE,CHILLED OJ PREMIUM BFY,76235799205,EVOLUTION FRESH ORG ORANGE
GROCERY,CHILLED JUICE,CHILLED ORANGE JUICE,CHILLED OJ PREMIUM BFY,76949883098,FOND BONE BROTH THE SPUR      
GROCERY,CHILLED JUICE,CHILLED ORANGE JUICE,CHILLED OJ PREMIUM BFY,76949883102,FOND BONE BROTH INSIDE JOB    
GROCERY,CHILLED JUICE,CHILLED ORANGE JUICE,CHILLED OJ PREMIUM BFY,77056110410,SMOOTHIE PINEAPPLE KALE       
GROCERY,CHILLED JUICE,CHILLED ORANGE JUICE,CHILLED OJ PREMIUM BFY,77056120410,SMOOTHIE STRW BAN CHIA        
GROCERY,CHILLED JUICE,CHILLED ORANGE JUICE,CHILLED OJ PREMIUM BFY,77056130410,SMOOTHIE PINEAP CNTOATS       
GROCERY,CHILLED JUICE,CHILLED ORANGE JUICE,CHILLED OJ PREMIUM BFY,77056140410,SMOOTHIE RSPBRY BEET          
GROCERY,CHILLED JUICE,CHILLED ORANGE JUICE,CHILLED OJ PREMIUM BFY,77056150410,SMOOTHIE RSP BLBRY QUIN       
GROCERY,CHILLED JUICE,CHILLED ORANGE JUICE,CHILLED OJ PREMIUM BFY,77134400920,BLK RVR APPLE + MANGO JUICE
GROCERY,CHILLED JUICE,CHILLED ORANGE JUICE,CHILLED OJ PREMIUM BFY,77134400921,BLACK RIVER PURE ORANGE JUICE
GROCERY,CHILLED JUICE,CHILLED ORANGE JUICE,CHILLED OJ PREMIUM BFY,77134400923,BR PRESSED BARTLETT PEAR JUICE
GROCERY,CHILLED JUICE,CHILLED ORANGE JUICE,CHILLED OJ PREMIUM BFY,77134400924,BR APPLE + CRANBERRY JUICE
GROCERY,CHILLED JUICE,CHILLED ORANGE JUICE,CHILLED OJ PREMIUM BFY,79357307129,FORAGER ROOTS C
GROCERY,CHILLED JUICE,CHILLED ORANGE JUICE,CHILLED OJ PREMIUM BFY,79357307130,FORAGER GREENS C
GROCERY,CHILLED JUICE,CHILLED ORANGE JUICE,CHILLED OJ PREMIUM BFY,79357307131,FORAGER GREENS D
GROCERY,CHILLED JUICE,CHILLED ORANGE JUICE,CHILLED OJ PREMIUM BFY,79357307132,FORAGER GREENS B
GROCERY,CHILLED JUICE,CHILLED ORANGE JUICE,CHILLED OJ PREMIUM BFY,79357307133,FORAGER NUTS B                
GROCERY,CHILLED JUICE,CHILLED ORANGE JUICE,CHILLED OJ PREMIUM BFY,79357320513,FORAGER GREENS AND APPLE      
GROCERY,CHILLED JUICE,CHILLED ORANGE JUICE,CHILLED OJ PREMIUM BFY,79357320515,FORAGER ROOTS A               
GROCERY,CHILLED JUICE,CHILLED ORANGE JUICE,CHILLED OJ PREMIUM BFY,79357390814,FORAGER NUTS D                
GROCERY,CHILLED JUICE,CHILLED ORANGE JUICE,CHILLED OJ PREMIUM BFY,79570600001,GOODFLOW ORANGE JUICE         
GROCERY,CHILLED JUICE,CHILLED ORANGE JUICE,CHILLED OJ PREMIUM BFY,79570600002,GOODFLOW ORANGE JUICE         
GROCERY,CHILLED JUICE,CHILLED ORANGE JUICE,CHILLED OJ PREMIUM BFY,79570600003,GOODFLOW ORANGE JUICE         
GROCERY,CHILLED JUICE,CHILLED ORANGE JUICE,CHILLED OJ PREMIUM BFY,79570600004,GOODFLOW ORANGE JUICE         
GROCERY,CHILLED JUICE,CHILLED ORANGE JUICE,CHILLED OJ PREMIUM BFY,79570600005,GOODFLOW GRAPEFRUIT JUICE     
GROCERY,CHILLED JUICE,CHILLED ORANGE JUICE,CHILLED OJ PREMIUM BFY,79570600006,GOODFLOW GRAPEFRUIT JUICE     
GROCERY,CHILLED JUICE,CHILLED ORANGE JUICE,CHILLED OJ PREMIUM BFY,79570600007,GOODFLOW GRAPEFRUIT JUICE     
GROCERY,CHILLED JUICE,CHILLED ORANGE JUICE,CHILLED OJ PREMIUM BFY,79570600008,GOODFLOW GRAPEFRUIT JUICE     
GROCERY,CHILLED JUICE,CHILLED ORANGE JUICE,CHILLED OJ PREMIUM BFY,79570600010,GOODFLOW ORANGE GRPFRT JUICE  
GROCERY,CHILLED JUICE,CHILLED ORANGE JUICE,CHILLED OJ PREMIUM BFY,79570600012,GOODFLOW LMNADE W/BEE POLLEN  
GROCERY,CHILLED JUICE,CHILLED ORANGE JUICE,CHILLED OJ PREMIUM BFY,79570600016,GOODFLOW ORNG/STRWBRY JUICE
GROCERY,CHILLED JUICE,CHILLED ORANGE JUICE,CHILLED OJ PREMIUM BFY,79570600017,GOODFLOW ORNG/STRWBRY JUICE   
GROCERY,CHILLED JUICE,CHILLED ORANGE JUICE,CHILLED OJ PREMIUM BFY,79570600018,GOODFLOW ORNG/STRWBRY JUICE   
GROCERY,CHILLED JUICE,CHILLED ORANGE JUICE,CHILLED OJ PREMIUM BFY,79570600019,GOODFLOW ORNG/STRWBRY JUICE   
GROCERY,CHILLED JUICE,CHILLED ORANGE JUICE,CHILLED OJ PREMIUM BFY,79570600022,GOODFLOW ORNG/PNAPPLE JUICE   
GROCERY,CHILLED JUICE,CHILLED ORANGE JUICE,CHILLED OJ PREMIUM BFY,79570600023,GOODFLOW ORANGE PNAPPL JUICE  
GROCERY,CHILLED JUICE,CHILLED ORANGE JUICE,CHILLED OJ PREMIUM BFY,79570600040,GOODFLOW ORG/STRW/BAN/YOG/HNY 
GROCERY,CHILLED JUICE,CHILLED ORANGE JUICE,CHILLED OJ PREMIUM BFY,79570600042,GOODFLOW APPL/PIN/STRAW/BANANA
GROCERY,CHILLED JUICE,CHILLED ORANGE JUICE,CHILLED OJ PREMIUM BFY,79570600043,GOODFLOW ORNG/PIN/BAN/BEE PLLN
GROCERY,CHILLED JUICE,CHILLED ORANGE JUICE,CHILLED OJ PREMIUM BFY,79570600044,GOODFLOW ORNG/PIN/BAN/SPRLNA  
GROCERY,CHILLED JUICE,CHILLED ORANGE JUICE,CHILLED OJ PREMIUM BFY,79570600055,GOODFLOW STRWBRRY GRPFRT JUICE
GROCERY,CHILLED JUICE,CHILLED ORANGE JUICE,CHILLED OJ PREMIUM BFY,79570600058,GOODFLOW APPLE/STRWBRY JUICE
GROCERY,CHILLED JUICE,CHILLED ORANGE JUICE,CHILLED OJ PREMIUM BFY,79570600062,GOODFLOW TANGERINE JUICE      
GROCERY,CHILLED JUICE,CHILLED ORANGE JUICE,CHILLED OJ PREMIUM BFY,79570600063,GOODFLOW TANGERINE JUICE
GROCERY,CHILLED JUICE,CHILLED ORANGE JUICE,CHILLED OJ PREMIUM BFY,79570600071,GOODFLOW ORNG/STRWBRY SMOOTHIE
GROCERY,CHILLED JUICE,CHILLED ORANGE JUICE,CHILLED OJ PREMIUM BFY,79987232236,FRESH PRESSED JUICE TURBO CHAR
GROCERY,CHILLED JUICE,CHILLED ORANGE JUICE,CHILLED OJ PREMIUM BFY,79987232237,FRESH PRESSED JUICE BEET RED R
GROCERY,CHILLED JUICE,CHILLED ORANGE JUICE,CHILLED OJ PREMIUM BFY,79987232238,FRESH PRESSED JUICE MELON LEMO
GROCERY,CHILLED JUICE,CHILLED ORANGE JUICE,CHILLED OJ PREMIUM BFY,79987232239,FRESH PRESSED JUICE SASSY SOMB
GROCERY,CHILLED JUICE,CHILLED ORANGE JUICE,CHILLED OJ PREMIUM BFY,79987232240,FRESH PRESSED JUICE TURBO PROT
GROCERY,CHILLED JUICE,CHILLED ORANGE JUICE,CHILLED OJ PREMIUM BFY,80487928767,ORG KOMBUCHA LAVENDER RTD TEA
GROCERY,CHILLED JUICE,CHILLED ORANGE JUICE,CHILLED OJ PREMIUM BFY,80487928768,ORG KOMBUCHA MELON RTD TEA
GROCERY,CHILLED JUICE,CHILLED ORANGE JUICE,CHILLED OJ PREMIUM BFY,81005101007,SUNKIST RED GRAPEFRUIT        
GROCERY,CHILLED JUICE,CHILLED ORANGE JUICE,CHILLED OJ PREMIUM BFY,81005101010,SUNKIST PETITE PEACHES        
GROCERY,CHILLED JUICE,CHILLED ORANGE JUICE,CHILLED OJ PREMIUM BFY,81112902012,VIM AND VIGOR NO.1 DETOXIFY AL
GROCERY,CHILLED JUICE,CHILLED ORANGE JUICE,CHILLED OJ PREMIUM BFY,81112902013,VIM & VIGOR NO.2 PURIFY REGULA
GROCERY,CHILLED JUICE,CHILLED ORANGE JUICE,CHILLED OJ PREMIUM BFY,81112902014,VIM & VIGOR NO 3 BRGHT CMPLXN
GROCERY,CHILLED JUICE,CHILLED ORANGE JUICE,CHILLED OJ PREMIUM BFY,81112902015,VIM & VIGOR
GROCERY,CHILLED JUICE,CHILLED ORANGE JUICE,CHILLED OJ PREMIUM BFY,81112902016,VIM & VIGOR NO.5 REDUCE BLOAT 
GROCERY,CHILLED JUICE,CHILLED ORANGE JUICE,CHILLED OJ PREMIUM BFY,81112902017,VIM & VIGOR NO 6 HYDRATE HEART
GROCERY,CHILLED JUICE,CHILLED ORANGE JUICE,CHILLED OJ PREMIUM BFY,81112902019,VIM & VIGOR SEASONAL
GROCERY,CHILLED JUICE,CHILLED ORANGE JUICE,CHILLED OJ PREMIUM BFY,81271101023,GENESIS TODAY CRANBERRY GOJI  
GROCERY,CHILLED JUICE,CHILLED ORANGE JUICE,CHILLED OJ PREMIUM BFY,81271101082,GT OMEGA ORANGE CREAM         
GROCERY,CHILLED JUICE,CHILLED ORANGE JUICE,CHILLED OJ PREMIUM BFY,81271101083,GT OMEGA ORANGE CREAM         
GROCERY,CHILLED JUICE,CHILLED ORANGE JUICE,CHILLED OJ PREMIUM BFY,81271101120,GT COCONUT WATER              
GROCERY,CHILLED JUICE,CHILLED ORANGE JUICE,CHILLED OJ PREMIUM BFY,81271101121,GENESIS TODAY COCONUT WATER   
GROCERY,CHILLED JUICE,CHILLED ORANGE JUICE,CHILLED OJ PREMIUM BFY,81271101150,GENESIS TODAY VEGGIE BLAST    
GROCERY,CHILLED JUICE,CHILLED ORANGE JUICE,CHILLED OJ PREMIUM BFY,81271101151,GENESIS TODAY VEGGIE BLAST    
GROCERY,CHILLED JUICE,CHILLED ORANGE JUICE,CHILLED OJ PREMIUM BFY,81271101167,GT 64 OZ SUPERFRUIT LEMONADE  
GROCERY,CHILLED JUICE,CHILLED ORANGE JUICE,CHILLED OJ PREMIUM BFY,81271101169,GENESIS TODAY WAKE ME ORANGE  
GROCERY,CHILLED JUICE,CHILLED ORANGE JUICE,CHILLED OJ PREMIUM BFY,81271101181,GENESIS TODAY RELAX ME BERRY  
GROCERY,CHILLED JUICE,CHILLED ORANGE JUICE,CHILLED OJ PREMIUM BFY,81271101218,GT RED BERRY POWER RANGER     
GROCERY,CHILLED JUICE,CHILLED ORANGE JUICE,CHILLED OJ PREMIUM BFY,81271101219,GT BLUEBERRY POWER RANGER     
GROCERY,CHILLED JUICE,CHILLED ORANGE JUICE,CHILLED OJ PREMIUM BFY,81547301238,BORDEN ORANGE JUICE
GROCERY,CHILLED JUICE,CHILLED ORANGE JUICE,CHILLED OJ PREMIUM BFY,81547301240,BORDEN ORANGE JUICE
GROCERY,CHILLED JUICE,CHILLED ORANGE JUICE,CHILLED OJ PREMIUM BFY,82935410205,LYCHEE NECTAR
GROCERY,CHILLED JUICE,CHILLED ORANGE JUICE,CHILLED OJ PREMIUM BFY,85162100300,APPLE TUDE APPLE JUICE        
GROCERY,CHILLED JUICE,CHILLED ORANGE JUICE,CHILLED OJ PREMIUM BFY,85162100301,GRANNY TUDE APPLE JUICE       
GROCERY,CHILLED JUICE,CHILLED ORANGE JUICE,CHILLED OJ PREMIUM BFY,85162100302,TUDE FUJI APPLE               
GROCERY,CHILLED JUICE,CHILLED ORANGE JUICE,CHILLED OJ PREMIUM BFY,85162100303,PINKY TUDE                    
GROCERY,CHILLED JUICE,CHILLED ORANGE JUICE,CHILLED OJ PREMIUM BFY,85162100304,TUDE HONEYTUDE JUICE          
GROCERY,CHILLED JUICE,CHILLED ORANGE JUICE,CHILLED OJ PREMIUM BFY,85162100317,TUDE FUJITUDE JUICE           
GROCERY,CHILLED JUICE,CHILLED ORANGE JUICE,CHILLED OJ PREMIUM BFY,85162100318,TUDE GRANNYTUDE JUICE         
GROCERY,CHILLED JUICE,CHILLED ORANGE JUICE,CHILLED OJ PREMIUM BFY,85162100319,TUDE APPLETUDE JUICE          
GROCERY,CHILLED JUICE,CHILLED ORANGE JUICE,CHILLED OJ PREMIUM BFY,85162100321,TUDE HONEYTUDE JUICE          
GROCERY,CHILLED JUICE,CHILLED ORANGE JUICE,CHILLED OJ PREMIUM BFY,85162100325,TUDE PINKYTUDE JUICE          
GROCERY,CHILLED JUICE,CHILLED ORANGE JUICE,CHILLED OJ PREMIUM BFY,85204300342,BLUE PRINT 6 PK JUICE CLEANSE 
GROCERY,CHILLED JUICE,CHILLED ORANGE JUICE,CHILLED OJ PREMIUM BFY,85290900308,CUTIES SS BLUEBLASTER SMOOTHIE
GROCERY,CHILLED JUICE,CHILLED ORANGE JUICE,CHILLED OJ PREMIUM BFY,85290900334,CUTIES JUICE TANG/MANG/PASSION
GROCERY,CHILLED JUICE,CHILLED ORANGE JUICE,CHILLED OJ PREMIUM BFY,85290900335,CUTIES JUICE TANG/ORG/PINEAPPL
GROCERY,CHILLED JUICE,CHILLED ORANGE JUICE,CHILLED OJ PREMIUM BFY,85290900362,CALIFIA FARMS CALIF TANGERINE 
GROCERY,CHILLED JUICE,CHILLED ORANGE JUICE,CHILLED OJ PREMIUM BFY,85290900391,CF 100% PURE TAN JUICE W/CALCM
GROCERY,CHILLED JUICE,CHILLED ORANGE JUICE,CHILLED OJ PREMIUM BFY,85290900393,CF 100% PURE TANGERINE JUICE  
GROCERY,CHILLED JUICE,CHILLED ORANGE JUICE,CHILLED OJ PREMIUM BFY,85292500500,COPRA COCONUT WATER           
GROCERY,CHILLED JUICE,CHILLED ORANGE JUICE,CHILLED OJ PREMIUM BFY,85331100303,KEVITA RTD COCONUT ORG
GROCERY,CHILLED JUICE,CHILLED ORANGE JUICE,CHILLED OJ PREMIUM BFY,85331100306,KEVITA RTD POMG
GROCERY,CHILLED JUICE,CHILLED ORANGE JUICE,CHILLED OJ PREMIUM BFY,85331100314,KEVITA RTD POMG COCO ORG      
GROCERY,CHILLED JUICE,CHILLED ORANGE JUICE,CHILLED OJ PREMIUM BFY,85331100333,KEVITA RTD HIISCS BRRY DLY CLN
GROCERY,CHILLED JUICE,CHILLED ORANGE JUICE,CHILLED OJ PREMIUM BFY,85331100334,KEVITA RTD TANGERINE
GROCERY,CHILLED JUICE,CHILLED ORANGE JUICE,CHILLED OJ PREMIUM BFY,85331100335,KEVITA RTD BLUEBERRY CHERRY
GROCERY,CHILLED JUICE,CHILLED ORANGE JUICE,CHILLED OJ PREMIUM BFY,85331100353,KEVITA PINEAPPLE COCONUT JUICE
GROCERY,CHILLED JUICE,CHILLED ORANGE JUICE,CHILLED OJ PREMIUM BFY,85331100354,KEVITA PROBIOTIC TONIC CH G L
GROCERY,CHILLED JUICE,CHILLED ORANGE JUICE,CHILLED OJ PREMIUM BFY,85331100355,KEVITA PROBIOTIC TONIC RED B
GROCERY,CHILLED JUICE,CHILLED ORANGE JUICE,CHILLED OJ PREMIUM BFY,85331100356,KEVITA PROBIOTIC TONIC KALE L 
GROCERY,CHILLED JUICE,CHILLED ORANGE JUICE,CHILLED OJ PREMIUM BFY,85331100358,KEVITA GINGER MSTR BRW KMBHCA
GROCERY,CHILLED JUICE,CHILLED ORANGE JUICE,CHILLED OJ PREMIUM BFY,85331100359,KEVITA GRPFRT MSTR BRW KMBCHA
GROCERY,CHILLED JUICE,CHILLED ORANGE JUICE,CHILLED OJ PREMIUM BFY,85331100361,KEVITA TRT CHRRY MSTR BRW KMBC
GROCERY,CHILLED JUICE,CHILLED ORANGE JUICE,CHILLED OJ PREMIUM BFY,85331100365,KEVITA LVNDR MSTR BRW KMBCHA  
GROCERY,CHILLED JUICE,CHILLED ORANGE JUICE,CHILLED OJ PREMIUM BFY,85331100369,KEVITA PROBIOTIC TONIC CH G L
GROCERY,CHILLED JUICE,CHILLED ORANGE JUICE,CHILLED OJ PREMIUM BFY,85352300315,EVOLUTION 100% ORANGE JUICE   
GROCERY,CHILLED JUICE,CHILLED ORANGE JUICE,CHILLED OJ PREMIUM BFY,85352300325,EVOLUTION 100% GRAPEFRUIT JUIC
GROCERY,CHILLED JUICE,CHILLED ORANGE JUICE,CHILLED OJ PREMIUM BFY,85352300335,EVOLUTION 100% APPLE JUICE    
GROCERY,CHILLED JUICE,CHILLED ORANGE JUICE,CHILLED OJ PREMIUM BFY,85352300345,EVOLUTION 100% TANGERINE JUICE
GROCERY,CHILLED JUICE,CHILLED ORANGE JUICE,CHILLED OJ PREMIUM BFY,85352300355,EVOLUTION 100% ORG LEMONADE   
GROCERY,CHILLED JUICE,CHILLED ORANGE JUICE,CHILLED OJ PREMIUM BFY,85479100401,THAT INDIAN DRINK BLUB CARD   
GROCERY,CHILLED JUICE,CHILLED ORANGE JUICE,CHILLED OJ PREMIUM BFY,85507700400,KOA NATURAL OLAKINO           
GROCERY,CHILLED JUICE,CHILLED ORANGE JUICE,CHILLED OJ PREMIUM BFY,85507700402,KOA RASPBERRY OLAKINO         
GROCERY,CHILLED JUICE,CHILLED ORANGE JUICE,CHILLED OJ PREMIUM BFY,85507700405,KOA LAVENDER OLAKINO          
GROCERY,CHILLED JUICE,CHILLED ORANGE JUICE,CHILLED OJ PREMIUM BFY,85507700409,KOA SPARKLING LAVENDAR OLAKINO
GROCERY,CHILLED JUICE,CHILLED ORANGE JUICE,CHILLED OJ PREMIUM BFY,85591700403,JUISI PINEAPPLE JAMU          
GROCERY,CHILLED JUICE,CHILLED ORANGE JUICE,CHILLED OJ PREMIUM BFY,85591700404,JUISI CUCUMBER
GROCERY,CHILLED JUICE,CHILLED ORANGE JUICE,CHILLED OJ PREMIUM BFY,85591700406,JUISI CUCUMBER
GROCERY,CHILLED JUICE,CHILLED ORANGE JUICE,CHILLED OJ PREMIUM BFY,85653400200,CAVEMAN F WATER KEFIR VAN     
GROCERY,CHILLED JUICE,CHILLED ORANGE JUICE,CHILLED OJ PREMIUM BFY,85653400201,CAVEMAN F WATER KEFIR ORIG    
GROCERY,CHILLED JUICE,CHILLED ORANGE JUICE,CHILLED OJ PREMIUM BFY,85653400202,CAVEMAN F WATER KEFIR BLK PEP 
GROCERY,CHILLED JUICE,CHILLED ORANGE JUICE,CHILLED OJ PREMIUM BFY,85653400203,CAVEMAN F WATER KEFIR SAF     
GROCERY,CHILLED JUICE,CHILLED ORANGE JUICE,CHILLED OJ PREMIUM BFY,85653400204,CAVEMAN F WATER KEFIR TAR     
GROCERY,CHILLED JUICE,CHILLED ORANGE JUICE,CHILLED OJ PREMIUM BFY,85696600114,COOLJUICE 100% JUICE MANGO    
GROCERY,CHILLED JUICE,CHILLED ORANGE JUICE,CHILLED OJ PREMIUM BFY,85696600115,COOLJUICE 100% FRUIT PUNCH    
GROCERY,CHILLED JUICE,CHILLED ORANGE JUICE,CHILLED OJ PREMIUM BFY,85696600116,COOLJUICE TROPICAL BLUE ALL NT
GROCERY,CHILLED JUICE,CHILLED ORANGE JUICE,CHILLED OJ PREMIUM BFY,85696600117,COOLJUICE TROPICAL RHYTHMS    
GROCERY,CHILLED JUICE,CHILLED ORANGE JUICE,CHILLED OJ PREMIUM BFY,85907800209,HARMLESS HARVEST COCONUT WATER
GROCERY,CHILLED JUICE,CHILLED ORANGE JUICE,CHILLED OJ PREMIUM BFY,85981800208,HIGH C KOMBUCHA PASSION FLOWER
GROCERY,CHILLED JUICE,CHILLED ORANGE JUICE,CHILLED OJ PREMIUM BFY,85998500304,VDP RAW MAGUEY WATER          
GROCERY,CHILLED JUICE,CHILLED ORANGE JUICE,CHILLED OJ PREMIUM BFY,85998500305,VDP RAW MAGUEY WATER W QUINCE
GROCERY,CHILLED JUICE,CHILLED ORANGE JUICE,CHILLED OJ PREMIUM BFY,85998500306,VDP RAW MAGUEY WATER W HIBISCU
GROCERY,CHILLED JUICE,CHILLED ORANGE JUICE,CHILLED OJ PREMIUM BFY,85998500307,VDP RAW MAGUEY WATER W LEMON G
GROCERY,CHILLED JUICE,CHILLED ORANGE JUICE,CHILLED OJ PREMIUM BFY,85998500308,VDP RAW MAGUEY WATER W GRAPEFR
GROCERY,CHILLED JUICE,CHILLED ORANGE JUICE,CHILLED OJ PREMIUM BFY,85998500309,VDP RAW MAGUEY W ALFALFA LEMON
GROCERY,CHILLED JUICE,CHILLED ORANGE JUICE,CHILLED OJ PREMIUM BFY,85998500310,VDP GREEN COCONUT WATER
GROCERY,CHILLED JUICE,CHILLED ORANGE JUICE,CHILLED OJ PREMIUM BFY,86000071340,MY FAVORITE JUICE ORANGE 59OZ
GROCERY,CHILLED JUICE,CHILLED ORANGE JUICE,CHILLED OJ PREMIUM BFY,86000071342,MY FAVORITE ORANGE JUICE 12OZ
GROCERY,CHILLED JUICE,CHILLED ORANGE JUICE,CHILLED OJ PREMIUM BFY,86029400013,MANSI JUICE CALAMANSI
GROCERY,CHILLED JUICE,CHILLED ORANGE JUICE,CHILLED OJ PREMIUM BFY,86742000000,ACEROLA BERRY CANA JUICE
GROCERY,CHILLED JUICE,CHILLED ORANGE JUICE,CHILLED OJ PREMIUM BFY,86742000001,GUAVA CANA JUICE
GROCERY,CHILLED JUICE,CHILLED ORANGE JUICE,CHILLED OJ PREMIUM BFY,86742000003,STARFRUIT LIMEADE CANA JUICE
GROCERY,CHILLED JUICE,CHILLED ORANGE JUICE,CHILLED OJ PREMIUM BFY,86742000004,PASSION FRUIT CANA JUICE      
GROCERY,CHILLED JUICE,CHILLED ORANGE JUICE,CHILLED OJ PREMIUM BFY,86742000006,STARFUIT LIMEADE LOW CALORIE
GROCERY,CHILLED JUICE,CHILLED ORANGE JUICE,CHILLED OJ PREMIUM BFY,86742000007,GUAVA LOW CALORIE JUICE       
GROCERY,CHILLED JUICE,CHILLED ORANGE JUICE,CHILLED OJ PREMIUM BFY,86742000008,ACEROLA BERRY LOW CALORIE JUIC
GROCERY,CHILLED JUICE,CHILLED ORANGE JUICE,CHILLED OJ PREMIUM BFY,86742000009,PASSION FRUIT LOW CALORIE JUIC
GROCERY,CHILLED JUICE,CHILLED ORANGE JUICE,CHILLED OJ PREMIUM BFY,87905400010,ALISEO BLOOD ORANGE JUICE
GROCERY,CHILLED JUICE,CHILLED ORANGE JUICE,CHILLED OJ PREMIUM BFY,87905400011,ALISEO MANDARIN JUICE F ITALY
GROCERY,CHILLED JUICE,CHILLED ORANGE JUICE,CHILLED OJ PREMIUM BFY,88449000001,FRUIT 2DAY STRAWBERRY ORANGE  
GROCERY,CHILLED JUICE,CHILLED ORANGE JUICE,CHILLED OJ PREMIUM BFY,88449000002,FRUIT 2DAY MANGO PEACH        
GROCERY,CHILLED JUICE,CHILLED ORANGE JUICE,CHILLED OJ PREMIUM BFY,88449000003,FRUIT 2DAY PINEAPPLE BANANA   
GROCERY,CHILLED JUICE,CHILLED ORANGE JUICE,CHILLED OJ PREMIUM BFY,88449000004,FRUIT 2DAY CHERRY GRAPE       
GROCERY,CHILLED JUICE,CHILLED ORANGE JUICE,CHILLED OJ PREMIUM BFY,88449000005,FRUIT2DAY STRWBRY ORNGE SINGLE
GROCERY,CHILLED JUICE,CHILLED ORANGE JUICE,CHILLED OJ PREMIUM BFY,88449000006,FRUIT2DAY MANGO/PEACH SINGLE  
GROCERY,CHILLED JUICE,CHILLED ORANGE JUICE,CHILLED OJ PREMIUM BFY,88449000007,FRUIT2DAY PINAPLE BANANA SIGLE
GROCERY,CHILLED JUICE,CHILLED ORANGE JUICE,CHILLED OJ PREMIUM BFY,88449000008,FRUIT2DAY CHERRY GRAPE SINGLE 
GROCERY,CHILLED JUICE,CHILLED ORANGE JUICE,CHILLED OJ PREMIUM BFY,88449000014,FRUITDDAY POM/BLUEBERRY SINGLE
GROCERY,CHILLED JUICE,CHILLED ORANGE JUICE,CHILLED OJ PREMIUM BFY,88449000019,FRUIT2DAY STRAWBERRY ORANGE   
GROCERY,CHILLED JUICE,CHILLED ORANGE JUICE,CHILLED OJ PREMIUM BFY,88449000020,FRUIT2DAY MANGO PEACH         
GROCERY,CHILLED JUICE,CHILLED ORANGE JUICE,CHILLED OJ PREMIUM BFY,88449000025,FRUIT2DAY STRWBRY BNANA SNRISE
GROCERY,CHILLED JUICE,CHILLED ORANGE JUICE,CHILLED OJ PREMIUM BFY,88449000026,FRUIT2DAY TRPLE BRRY SUNSHINE 
GROCERY,CHILLED JUICE,CHILLED ORANGE JUICE,CHILLED OJ PREMIUM BFY,89076100019,SHATTO FRUIT PUNCH
GROCERY,CHILLED JUICE,CHILLED ORANGE JUICE,CHILLED OJ PREMIUM BFY,89076100041,SHATTO FRUIT PUNCH
GROCERY,CHILLED JUICE,CHILLED ORANGE JUICE,CHILLED OJ PREMIUM BFY,89177000022,GOOD BELLY SPLASH MANGO       
GROCERY,CHILLED JUICE,CHILLED ORANGE JUICE,CHILLED OJ PREMIUM BFY,89177000214,GB POMEGRANATE BLK PROB JUICE 
GROCERY,CHILLED JUICE,CHILLED ORANGE JUICE,CHILLED OJ PREMIUM BFY,89177000221,GOOD BELLY KIDS GRAPE         
GROCERY,CHILLED JUICE,CHILLED ORANGE JUICE,CHILLED OJ PREMIUM BFY,89177000226,GOOD BELLY SPLASH BLUEBERRY   
GROCERY,CHILLED JUICE,CHILLED ORANGE JUICE,CHILLED OJ PREMIUM BFY,89177000227,GOOD BELLY SPLASH POM BLACKBRY
GROCERY,CHILLED JUICE,CHILLED ORANGE JUICE,CHILLED OJ PREMIUM BFY,89177000228,GOOD BELLY MANGO              
GROCERY,CHILLED JUICE,CHILLED ORANGE JUICE,CHILLED OJ PREMIUM BFY,89177000231,GOOD BELLY KIDS GRAPE         
GROCERY,CHILLED JUICE,CHILLED ORANGE JUICE,CHILLED OJ PREMIUM BFY,89177000232,GOOD BELLY KIDS CHERRY APPL   
GROCERY,CHILLED JUICE,CHILLED ORANGE JUICE,CHILLED OJ PREMIUM BFY,89213200206,THAT INDIAN DRINK BLUB CARD L 
GROCERY,CHILLED JUICE,CHILLED ORANGE JUICE,CHILLED OJ PREMIUM BFY,89213200207,THAT INDIAN DRINK RSPBRY CIN L
GROCERY,CHILLED JUICE,CHILLED ORANGE JUICE,CHILLED OJ PREMIUM BFY,89213200208,THAT INDIAN DRINK ALPH MNGO LA
GROCERY,CHILLED JUICE,CHILLED ORANGE JUICE,CHILLED OJ PREMIUM BFY,5.05048E+11,ROOTS COL CRRT ZING VEG BLENDS
GROCERY,CHILLED JUICE,CHILLED ORANGE JUICE,CHILLED OJ PREMIUM BFY,5.05048E+11,ASIAN SLING VEGETABLE BLENDS
GROCERY,CHILLED JUICE,CHILLED ORANGE JUICE,CHILLED OJ PREMIUM BFY,5.05048E+11,SWEET BEETS VEGETABLE BLENDS
GROCERY,CHILLED JUICE,CHILLED ORANGE JUICE,CHILLED OJ PREMIUM BFY,5.05048E+11,GARDEN GREENS VEGETABLE BLENDS
GROCERY,CHILLED JUICE,CHILLED ORANGE JUICE,CHILLED OJ PREMIUM BFY,5.05048E+11,GREEN WARRIOR VEGETABLE BLEND
GROCERY,CHILLED JUICE,CHILLED ORANGE JUICE,CHILLED OJ PREMIUM BFY,8.03325E+11,ALISEO ITLN BLOOD ORANGE JUICE
GROCERY,CHILLED JUICE,CHILLED ORANGE JUICE,CHILLED OJ PREMIUM BFY,8.05333E+11,MONGIBELLO MANDARIN ORNG JUICE
GROCERY,CHILLED JUICE,CHILLED ORANGE JUICE,CHILLED OJ PREMIUM LITE,1630016828,FLORIDAS NATURAL LIGHT OJ NP
GROCERY,CHILLED JUICE,CHILLED ORANGE JUICE,CHILLED OJ PREMIUM LITE,1630016829,FLORIDAS NATURAL LIGHT OJ CAL
GROCERY,CHILLED JUICE,CHILLED ORANGE JUICE,CHILLED OJ PREMIUM LITE,2500010063,SIMPLY LGT OJ NO PULP CAL
GROCERY,CHILLED JUICE,CHILLED ORANGE JUICE,CHILLED OJ PREMIUM LITE,2500010071,SIMPLY LIGHT OJ NO PULP
GROCERY,CHILLED JUICE,CHILLED ORANGE JUICE,CHILLED OJ PREMIUM LITE,2500013688,SIMPLY LIGHT OJ NO PULP
GROCERY,CHILLED JUICE,CHILLED ORANGE JUICE,CHILLED OJ PREMIUM LITE,4122087771,HEB LIGHT OJ NO PULP
GROCERY,CHILLED JUICE,CHILLED ORANGE JUICE,CHILLED OJ PREMIUM LITE,4122089114,HEB LIGHT OJ SOME PULP
GROCERY,CHILLED JUICE,CHILLED ORANGE JUICE,CHILLED OJ PREMIUM LITE,4122092608,HEB LIGHT OJ NO PULP W/CALC
GROCERY,CHILLED JUICE,CHILLED ORANGE JUICE,CHILLED OJ PREMIUM LITE,4850001332,TROPICANA LIGHT AND HEALTHY   
GROCERY,CHILLED JUICE,CHILLED ORANGE JUICE,CHILLED OJ PREMIUM LITE,4850001447,ESSENTIALS LIGHT HEALTHY PULP 
GROCERY,CHILLED JUICE,CHILLED ORANGE JUICE,CHILLED OJ PREMIUM LITE,4850001899,TROP 50 OJ NO PULP W/CALCIUM  
GROCERY,CHILLED JUICE,CHILLED ORANGE JUICE,CHILLED OJ PREMIUM LITE,4850001901,TROP 50 ORANGE JUICE NO PULP  
GROCERY,CHILLED JUICE,CHILLED ORANGE JUICE,CHILLED OJ PREMIUM LITE,4850002013,TROP50 OJ-NO PULP
GROCERY,CHILLED JUICE,CHILLED ORANGE JUICE,CHILLED OJ PREMIUM LITE,4850002015,TROP50 OJ WITH CALCIUM
GROCERY,CHILLED JUICE,CHILLED ORANGE JUICE,CHILLED OJ PREMIUM LITE,4850020291,TROP50 NO PULP OJ 52OZ
GROCERY,CHILLED JUICE,CHILLED ORANGE JUICE,CHILLED OJ PREMIUM LITE,4850020293,TROP50 WITH CALCIUM  OJ 52OZ
GROCERY,CHILLED JUICE,CHILLED ORANGE JUICE,CHILLED OJ PREMIUM LITE,4850020579,TROP LIGHT OJ NP CLC VIT D
GROCERY,CHILLED JUICE,CHILLED ORANGE JUICE,CHILLED OJ PREMIUM LITE,4850020581,TROPICANA LIGHT OJ NO PULP
GROCERY,CHILLED JUICE,CHILLED ORANGE JUICE,CHILLED OJ VALUE,62121,FREE HCF ORANGE JUICE
GROCERY,CHILLED JUICE,CHILLED ORANGE JUICE,CHILLED OJ VALUE,1630033000,FN DAILY SUN OJ BEV NO PULP
GROCERY,CHILLED JUICE,CHILLED ORANGE JUICE,CHILLED OJ VALUE,1630033001,FN DAILY SUN OJ BEV WITH PULP
GROCERY,CHILLED JUICE,CHILLED ORANGE JUICE,CHILLED OJ VALUE,2500002606,MIN MAID PREM ORANGE JUICE
GROCERY,CHILLED JUICE,CHILLED ORANGE JUICE,CHILLED OJ VALUE,2500002620,MM OJ COUNTRY STYLE
GROCERY,CHILLED JUICE,CHILLED ORANGE JUICE,CHILLED OJ VALUE,2500002622,MM LOW PULP OJ
GROCERY,CHILLED JUICE,CHILLED ORANGE JUICE,CHILLED OJ VALUE,2500002623,MIN MAID PREM ORANGE JUICE    
GROCERY,CHILLED JUICE,CHILLED ORANGE JUICE,CHILLED OJ VALUE,2500002629,MINUTE MAID PFC ORANGE JUICE
GROCERY,CHILLED JUICE,CHILLED ORANGE JUICE,CHILLED OJ VALUE,2500004070,MM PURE SQZ OJ NO PULP
GROCERY,CHILLED JUICE,CHILLED ORANGE JUICE,CHILLED OJ VALUE,2500004076,MM PURE SQZ OJ SOME PULP
GROCERY,CHILLED JUICE,CHILLED ORANGE JUICE,CHILLED OJ VALUE,2500004602,MM ORANGE JUICE ORIGINAL
GROCERY,CHILLED JUICE,CHILLED ORANGE JUICE,CHILLED OJ VALUE,2500004667,MM PURE SQZ OJ SOME PULP
GROCERY,CHILLED JUICE,CHILLED ORANGE JUICE,CHILLED OJ VALUE,2500004670,MM PURE SQZ OJ NO PULP
GROCERY,CHILLED JUICE,CHILLED ORANGE JUICE,CHILLED OJ VALUE,2500004786,MM OJ ORIGINAL
GROCERY,CHILLED JUICE,CHILLED ORANGE JUICE,CHILLED OJ VALUE,2500005184,MM OJ ORIGINAL 100% JUICE
GROCERY,CHILLED JUICE,CHILLED ORANGE JUICE,CHILLED OJ VALUE,2500005557,MM PREM OJ PULP FREE
GROCERY,CHILLED JUICE,CHILLED ORANGE JUICE,CHILLED OJ VALUE,4122005178,HCF ORANGE JUICE 128OZ MX ONLY
GROCERY,CHILLED JUICE,CHILLED ORANGE JUICE,CHILLED OJ VALUE,4122005181,HCF ORANGE JUICE 64 OZ MX ONLY
GROCERY,CHILLED JUICE,CHILLED ORANGE JUICE,CHILLED OJ VALUE,4122038825,HCF REGULAR ORANGE JUICE 64OZ
GROCERY,CHILLED JUICE,CHILLED ORANGE JUICE,CHILLED OJ VALUE,4122045352,HCF REG OJ 128OZ
GROCERY,CHILLED JUICE,CHILLED ORANGE JUICE,CHILLED OJ VALUE,4122060718,HCF NFC ORANGE JUICE NO PULP
GROCERY,CHILLED JUICE,CHILLED ORANGE JUICE,CHILLED OJ VALUE,4122080196,HCF ORANGE JUICE SS
GROCERY,CHILLED JUICE,CHILLED ORANGE JUICE,CHILLED OJ VALUE,4122080480,HCF ORANGE JUICE 32OZ
GROCERY,CHILLED JUICE,CHILLED ORANGE JUICE,CHILLED OJ VALUE,7206000581,HILAND ORANGE JUICE 32OZ
GROCERY,CHILLED JUICE,CHILLED ORANGE JUICE,CHILLED OJ VALUE,7206000582,HILAND ORANGE JUICE 16OZ
GROCERY,CHILLED JUICE,CHILLED ORANGE JUICE,CHILLED OJ VALUE,40000200877,HCF REG OJ 128OZ-STACK
GROCERY,CHILLED JUICE,CHILLED ORANGE JUICE,CHILLED OJ VALUE,8.05333E+11,MONGIBELLO BLD ORNGE JUICE 1L
GROCERY,CHILLED JUICE,CHILLED ORANGE JUICE,CHILLED OJ VALUE BFY,2500000385,MIN MAID HEARTWISE ENHANCED OJ
GROCERY,CHILLED JUICE,CHILLED ORANGE JUICE,CHILLED OJ VALUE BFY,2500002619,MM PREM OJ CALCIUM
GROCERY,CHILLED JUICE,CHILLED ORANGE JUICE,CHILLED OJ VALUE BFY,2500002634,MIN MAID PREM OJ CALCIUM FORTI
GROCERY,CHILLED JUICE,CHILLED ORANGE JUICE,CHILLED OJ VALUE BFY,2500002893,MIN MD PREM HOME SQZ OJ W/CALC
GROCERY,CHILLED JUICE,CHILLED ORANGE JUICE,CHILLED OJ VALUE BFY,2500002895,MIN MD PREM OJ LOW ACID
GROCERY,CHILLED JUICE,CHILLED ORANGE JUICE,CHILLED OJ VALUE BFY,2500004072,MM PURE SQZ CAL/VIT D NP
GROCERY,CHILLED JUICE,CHILLED ORANGE JUICE,CHILLED OJ VALUE BFY,2500004074,MM PURE SQZ LT CAL/VIT D
GROCERY,CHILLED JUICE,CHILLED ORANGE JUICE,CHILLED OJ VALUE BFY,2500004673,MM PURE SQZ OJ CAL/VIT D NOPLP
GROCERY,CHILLED JUICE,CHILLED ORANGE JUICE,CHILLED OJ VALUE BFY,2500004676,MM PURE SQZ OJ LT CAL/VIT D
GROCERY,CHILLED JUICE,CHILLED ORANGE JUICE,CHILLED OJ VALUE BFY,2500004789,MM ORANGE JUICE PULP FREE
GROCERY,CHILLED JUICE,CHILLED ORANGE JUICE,CHILLED OJ VALUE BFY,2500004792,MM OJ CALCIUM
GROCERY,CHILLED JUICE,CHILLED ORANGE JUICE,CHILLED OJ VALUE BFY,2500004795,MM OJ HOME SQZD W/CALCIUM
GROCERY,CHILLED JUICE,CHILLED ORANGE JUICE,CHILLED OJ VALUE BFY,2500004798,MM OJ LOW ACID
GROCERY,CHILLED JUICE,CHILLED ORANGE JUICE,CHILLED OJ VALUE BFY,2500004801,MM OJ KIDS PLUS
GROCERY,CHILLED JUICE,CHILLED ORANGE JUICE,CHILLED OJ VALUE BFY,2500004804,MM OJ HEART WISE
GROCERY,CHILLED JUICE,CHILLED ORANGE JUICE,CHILLED OJ VALUE BFY,2500004904,MM PURE SQZ OJ LIGHT NO PULP
GROCERY,CHILLED JUICE,CHILLED ORANGE JUICE,CHILLED OJ VALUE BFY,2500005404,MM HEART WISE ORANGE JUICE    
GROCERY,CHILLED JUICE,CHILLED ORANGE JUICE,CHILLED OJ VALUE BFY,2500005405,MIN MD PREM KIDS VIT & CALC OJ
GROCERY,CHILLED JUICE,CHILLED ORANGE JUICE,CHILLED OJ VALUE BFY,2500006273,MM PURE SQZ LT OJ NO PULP
GROCERY,CHILLED JUICE,CHILLED ORANGE JUICE,CHILLED OJ VALUE BFY,4122052074,HCF CALCIUM ORANGE JUICE 64OZ
GROCERY,CHILLED JUICE,CHILLED ORANGE JUICE,CHILLED OJ VALUE BFY,4122052075,HCF CALCIUM OJ 128 OZ
GROCERY,CHILLED JUICE,CHILLED ORANGE JUICE,CHILLED OJ VALUE BFY,4122060717,HCF NFC ORANGE JUICE CALCIUM
GROCERY,CHILLED JUICE,CHILLED ORANGE JUICE,CHILLED OJ VALUE BFY,4850000887,DOLE 64OZ CNT OJ WITH CALCIUM 
GROCERY,CHILLED JUICE,CHILLED ORANGE JUICE,CHILLED OJ VALUE BFY,4850000889,DOLE 64OZ CNT OJ ORG-NO PULP  
GROCERY,CHILLED JUICE,CHILLED ORANGE JUICE,CHILLED OJ VALUE BFY,4850000890,DOLE 64OZ OJ SOME PULP        
GROCERY,CHILLED JUICE,CHILLED ORANGE JUICE,CHILLED OJ VALUE BFY,4850000917,DOLE OJ W/ CALCIUM 96 OZ JUG
GROCERY,CHILLED JUICE,CHILLED ORANGE JUICE,CHILLED OJ VALUE BFY,4850000919,DOLE OJ ORG NO PULP 96 OZ JUG
GROCERY,CHILLED JUICE,CHILLED ORANGE JUICE,CHILLED OJ VALUE BFY,4850000956,DOLE PARADISE BLEND 64 OZ     
GROCERY,CHILLED JUICE,CHILLED ORANGE JUICE,CHILLED OJ VALUE BFY,4850002108,DOLE BLENDS PARADISE BLEND
GROCERY,CHILLED JUICE,CHILLED ORANGE JUICE,CHILLED OJ VALUE BFY,4850002111,DOLE BLENDS ORG/STRAW/BANANA
GROCERY,CHILLED JUICE,CHILLED ORANGE JUICE,CHILLED OJ VALUE BFY,4850002112,DOLE BLENDS PEACH/ORG/MANGO
GROCERY,CHILLED JUICE,CHILLED ORANGE JUICE,CHILLED OJ VALUE BFY,4850002114,DOLE BLENDS PINEAPPLE ORANGE
GROCERY,CHILLED JUICE,CHILLED ORANGE JUICE,CHILLED OJ VALUE BFY,4850002115,DOLE 100% JUICE PINA ORNG BAN
GROCERY,CHILLED JUICE,CHILLED ORANGE JUICE,CHILLED OJ VALUE BFY,4850005001,DOLE PINEAPPLE ORANGE JCE     
GROCERY,CHILLED JUICE,CHILLED ORANGE JUICE,CHILLED OJ VALUE BFY,4850005002,DOLE PINAPLE/ORG/BAN JCE      
GROCERY,CHILLED JUICE,CHILLED ORANGE JUICE,CHILLED OJ VALUE BFY,4850005011,DOLE ORG STRWBRY BANANA JCE   
GROCERY,CHILLED JUICE,CHILLED ORANGE JUICE,CHILLED OJ VALUE BFY,4850005012,DOLE 100% JUICE OG PEACH MANGO
GROCERY,CHILLED JUICE,CHILLED ORANGE JUICE,CHILLED OJ VALUE BFY,4850020681,DOLE 100% JUICE 8/52OZ CASE
GROCERY,CHILLED JUICE,CHILLED ORANGE JUICE,CHILLED OJ VALUE BFY,4850020682,DOLE 100 JUICE ORNG PCH MNGO
GROCERY,CHILLED JUICE,CHILLED ORANGE JUICE,CHILLED OJ VALUE BFY,4850020684,DOLE 100% JUICE PINEAPL ORNG
GROCERY,CHILLED JUICE,CHILLED ORANGE JUICE,CHILLED OJ VALUE BFY,4850020685,DOLE 100% JUICE PINAPL ORG BAN
GROCERY,CHILLED JUICE,CHILLED ORANGE JUICE,CHILLED OJ VALUE BFY,4850020956,DOLE 100% JUICE PARADISE BLEND
GROCERY,CHILLED JUICE,CHILLED ORANGE JUICE,CHILLED OJ VALUE BFY,4850025011,DOLE 100% JUICE ORNG STWBY BAN
GROCERY,CHILLED JUICE,CHILLED ORANGE JUICE,CHILLED OJ VALUE BFY,4850025012,DOLE 100% JUICE ORNG PCH MNGO
GROCERY,CHILLED JUICE,CHILLED ORANGE JUICE,CHILLED OJ VALUE BFY,4850025675,DOLE 100% JUICE PINEAPPLE ORNG
GROCERY,CHILLED JUICE,CHILLED ORANGE JUICE,CHILLED OJ VALUE BFY,4850025676,DOLE 100% JUICE PINA ORNG BAN
GROCERY,CHILLED JUICE,CHILLED ORANGE JUICE,CHILLED OJ VALUE BFY,40000099109,SUNNY DELIGHT FRUIT PUNCH_PALL
GROCERY,FROZEN JUICES/DRINKS,FROZEN JUICE,FZ JUICE - ORANGE,1175601100,ALL STAR ORANGE JUICE 16 CNT
GROCERY,FROZEN JUICES/DRINKS,FROZEN JUICE,FZ JUICE - ORANGE,1175645000,JUICE TREE 100% OJ 16/6OZ
GROCERY,FROZEN JUICES/DRINKS,FROZEN JUICE,FZ JUICE - ORANGE,1175645007,JUICE TREE FLORIDA O.J.4 PACK
GROCERY,FROZEN JUICES/DRINKS,FROZEN JUICE,FZ JUICE - ORANGE,2500000300,MIN MAID PREM FROZ OJ
GROCERY,FROZEN JUICES/DRINKS,FROZEN JUICE,FZ JUICE - ORANGE,2500002496,MINUTE MAID ORANGE TANGERINE
GROCERY,FROZEN JUICES/DRINKS,FROZEN JUICE,FZ JUICE - ORANGE,2500002513,MM ORANGE JUICE COUNTRY STYLE
GROCERY,FROZEN JUICES/DRINKS,FROZEN JUICE,FZ JUICE - ORANGE,2500002514,MM ORANGE JUICE PULP FREE
GROCERY,FROZEN JUICES/DRINKS,FROZEN JUICE,FZ JUICE - ORANGE,2500002516,MM ORANGE JUICE LOW ACID
GROCERY,FROZEN JUICES/DRINKS,FROZEN JUICE,FZ JUICE - ORANGE,2500002519,MM ORANGE JUICE ORIGINAL
GROCERY,FROZEN JUICES/DRINKS,FROZEN JUICE,FZ JUICE - ORANGE,2500002521,MIN MAID PREM FROZEN OJ
GROCERY,FROZEN JUICES/DRINKS,FROZEN JUICE,FZ JUICE - ORANGE,2500002544,MM ORANGE JUICE CALCIUM
GROCERY,FROZEN JUICES/DRINKS,FROZEN JUICE,FZ JUICE - ORANGE,2500005026,MIN MD PREM OR/PASSION W/CALC
GROCERY,FROZEN JUICES/DRINKS,FROZEN JUICE,FZ JUICE - ORANGE,2500005027,"MIN MD PREM OJ W/ C, E & ZINC"
GROCERY,FROZEN JUICES/DRINKS,FROZEN JUICE,FZ JUICE - ORANGE,3610000735,TEXSUN FROZEN ORANGE JUICE
GROCERY,FROZEN JUICES/DRINKS,FROZEN JUICE,FZ JUICE - ORANGE,4122023424,HCF ORANGE JUICE
GROCERY,FROZEN JUICES/DRINKS,FROZEN JUICE,FZ JUICE - ORANGE,4122079804,HCF FROZEN ORANGE JUICE
GROCERY,FROZEN JUICES/DRINKS,FROZEN JUICE,FZ JUICE - ORANGE,4122083079,HCF COUNTRY STYLE ORANGE JUICE
GROCERY,FROZEN JUICES/DRINKS,FROZEN JUICE,FZ JUICE - ORANGE,4122083080,HCF CALCIUM FORTIFIED O.J.
GROCERY,FROZEN JUICES/DRINKS,FROZEN JUICE,FZ JUICE - ORANGE,4122083131,HCF PULP FREE ORANGE JUICE
GROCERY,FROZEN JUICES/DRINKS,FROZEN JUICE,FZ JUICE - ORANGE,4122091401,ECONOMAX LIMEADE
GROCERY,FROZEN JUICES/DRINKS,FROZEN JUICE,FZ JUICE - ORANGE,4175560020,L & A JUICE ORANGE JUICE PLUS
GROCERY,FROZEN JUICES/DRINKS,FROZEN JUICE,FZ JUICE - ORANGE,4670015812,TREESWEET FROZN ORANGE JUICE*D
GROCERY,FROZEN JUICES/DRINKS,FROZEN JUICE,FZ JUICE - ORANGE,4850000145,TROPICANA FROZEN ORANGE JUICE
GROCERY,FROZEN JUICES/DRINKS,FROZEN JUICE,FZ JUICE - ORANGE,4850000225,TROPICANA HOMESTYLE ORANGE JCE
GROCERY,FROZEN JUICES/DRINKS,FROZEN JUICE,FZ JUICE - ORANGE,7253502901,VF ORANGE JUICE CUP 12-6OZ
GROCERY,FROZEN JUICES/DRINKS,FROZEN JUICE,FZ JUICE - ORANGE,7348816603,NATURES GENUINE OJ CUPS
GROCERY,FROZEN JUICES/DRINKS,FROZEN JUICE,FZ JUICE - ORANGE,7535511249,OO 100% JUICE ORANGE
GROCERY,FROZEN JUICES/DRINKS,FROZEN JUICE,FZ JUICE - ORANGE,7535511250,OO 100% OJ CAL FORTID
GROCERY,FROZEN JUICES/DRINKS,FROZEN JUICE,FZ JUICE - ORANGE,8105300100,JUST PIKT ORANGE JUICE
GROCERY,FROZEN JUICES/DRINKS,FROZEN JUICE,FZ JUICE - ORANGE,9796101016,CITRUS SUN ORANGE JUICE CUPS
GROCERY,FROZEN JUICES/DRINKS,FROZEN JUICE,FZ JUICE - ORANGE,40000059279,HCF FROZEN ORANGE JUICE
GROCERY,FROZEN JUICES/DRINKS,FROZEN JUICE,FZ JUICE - ORANGE,40000156375,MIN MAID FROZEN PREM OJ
GROCERY,FROZEN JUICES/DRINKS,FROZEN JUICE,FZ JUICE - ORANGE,40000156376,MM PREM FROZ OJ COUNTRY STYLE
GROCERY,FROZEN JUICES/DRINKS,FROZEN JUICE,FZ JUICE - ORANGE,40000156377,MIN MD PREM FROZ OJ-PULP FREE
GROCERY,FROZEN JUICES/DRINKS,FROZEN JUICE,FZ JUICE - ORANGE,40000156378,MIN MD PREM OJ LOW ACID
GROCERY,FROZEN JUICES/DRINKS,FROZEN JUICE,FZ JUICE - ORANGE,40000156379,MIN MD FROZ PREM OJ PLUS CALC
GROCERY,FROZEN JUICES/DRINKS,FROZEN JUICE,FZ JUICE - ORANGE,40013388000,#15 - NEW ITEMS
GROCERY,FROZEN JUICES/DRINKS,FROZEN JUICE,FZ JUICE - ORANGE,40013391000,#15 - GROWTH
GROCERY,FROZEN JUICES/DRINKS,FROZEN JUICE,FZ JUICE - ORANGE,40013437000,#15 - ADS
GROCERY,FROZEN JUICES/DRINKS,FROZEN JUICE,FZ JUICE - ORANGE,40013455000,#15 - DISPLAYS
GROCERY,FROZEN JUICES/DRINKS,FROZEN JUICE,FZ JUICE - ORANGE,40013488000,#15 - MISC
GROCERY,FROZEN JUICES/DRINKS,FROZEN JUICE,FZ JUICE - ORANGE,72535029016,VF ORANGE JUICE CUP 12-6OZ
GROCERY,SHELF STABLE JUICES,SHELF STABLE JUICE,BOTTLE MULTI-100% CITRUS,3610000122,TEXSUN JUICE ORANGE
GROCERY,SHELF STABLE JUICES,SHELF STABLE JUICE,BOTTLE MULTI-100% CITRUS,3610000425,TEXSUN JUICE ORANGE PINEAPPLE
GROCERY,SHELF STABLE JUICES,SHELF STABLE JUICE,BOTTLE MULTI-100% CITRUS,4115210335,RUBY KIST 100% ORANGE JUICE
GROCERY,SHELF STABLE JUICES,SHELF STABLE JUICE,BOTTLE MULTI-100% CITRUS,4122012676,HEB 100% ORANGE JUICE USA GRWN
GROCERY,SHELF STABLE JUICES,SHELF STABLE JUICE,BOTTLE MULTI-100% CITRUS,4122065996,HCF ORANGE JUICE
GROCERY,SHELF STABLE JUICES,SHELF STABLE JUICE,BOTTLE MULTI-100% CITRUS,4122080936,HCF ORANGE JUICE
GROCERY,SHELF STABLE JUICES,SHELF STABLE JUICE,BOTTLE MULTI-100% CITRUS,4122086408,HEB ORANGE JUICE
GROCERY,SHELF STABLE JUICES,SHELF STABLE JUICE,BOTTLE MULTI-100% CITRUS,4122086409,HEB ORANGE JUICE
GROCERY,SHELF STABLE JUICES,SHELF STABLE JUICE,BOTTLE MULTI-100% CITRUS,4122086411,HEB ORANGE MANGO JUICE
GROCERY,SHELF STABLE JUICES,SHELF STABLE JUICE,BOTTLE MULTI-100% CITRUS,4122086413,HEB ORANGE PINEAPPLE JUICE
GROCERY,SHELF STABLE JUICES,SHELF STABLE JUICE,BOTTLE MULTI-100% CITRUS,4850000572,TROPICANA ORANGE 100% JUICE
GROCERY,SHELF STABLE JUICES,SHELF STABLE JUICE,BOTTLE MULTI-100% CITRUS,7057000060,BIG TEX ORANGE JUICE          
GROCERY,SHELF STABLE JUICES,SHELF STABLE JUICE,BOTTLE MULTI-100% CITRUS,7057000110,BIG TEX ORANGE GPFRT JUICE    
GROCERY,SHELF STABLE JUICES,SHELF STABLE JUICE,BOTTLE MULTI-100% CITRUS,7057000960,*B*BIG TEX 100% ORANGE JUICE
GROCERY,SHELF STABLE JUICES,SHELF STABLE JUICE,BOTTLE MULTI-100% CITRUS,7057075002,BIG TEX ORANGE MANGO JUICE    
GROCERY,SHELF STABLE JUICES,SHELF STABLE JUICE,BOTTLE MULTI-100% CITRUS,7057075030,BIG TEX ORANGE PAPAYA JUICE   
GROCERY,SHELF STABLE JUICES,SHELF STABLE JUICE,BOTTLE MULTI-100% CITRUS,7057075043,BIG TEX ORANGE MANGO JUICE    
GROCERY,SHELF STABLE JUICES,SHELF STABLE JUICE,BOTTLE MULTI-100% CITRUS,7057075057,BIG TEX ORANGE JUICE          
GROCERY,SHELF STABLE JUICES,SHELF STABLE JUICE,BOTTLE MULTI-100% CITRUS,7057075059,BIG TEX SPICY ORANGE JUICE    
GROCERY,SHELF STABLE JUICES,SHELF STABLE JUICE,BOTTLE MULTI-100% CITRUS,7514000304,JUICE SQUEEZE ORANGE 079236
GROCERY,SHELF STABLE JUICES,SHELF STABLE JUICE,BOTTLE MULTI-100% CITRUS,7535511215,OLD ORCHARD JUICE ORANGE TANG
GROCERY,SHELF STABLE JUICES,SHELF STABLE JUICE,BOTTLE MULTI-100% CITRUS,40000087043,HCF ORANGE JUICE
GROCERY,SHELF STABLE JUICES,SHELF STABLE JUICE,BOTTLE MULTI-100% CITRUS,40000087107,HCF ORANGE/PINEAPPLE JUICE
GROCERY,SHELF STABLE JUICES,SHELF STABLE JUICE,BOTTLE MULTI-100% CITRUS,40000087110,HCF ORANGE JUICE-FULL PALLET
GROCERY,SHELF STABLE JUICES,SHELF STABLE JUICE,BOTTLE MULTI-100% CITRUS,40000087111,ORANGE JUICE 80PC MODULE      
GROCERY,SHELF STABLE JUICES,SHELF STABLE JUICE,BOTTLE MULTI-100% CITRUS,40000089665,BIG TEX JUICE ORANGE
GROCERY,SHELF STABLE JUICES,SHELF STABLE JUICE,BOTTLE MULTI-100% CITRUS,40000089666,BIG TEX ORANGE MANGO JUICE
GROCERY,SHELF STABLE JUICES,SHELF STABLE JUICE,BOTTLE MULTI-100% CITRUS,40000154584,SANTA CRUZ ORANGE MANGO JUICE 
GROCERY,SHELF STABLE JUICES,SHELF STABLE JUICE,BOTTLE MULTI-100% CITRUS,40000194071,HEB ORANGE JUICE PALLET 480CT
GROCERY,SHELF STABLE JUICES,SHELF STABLE JUICE,BOTTLE MULTI-100% CITRUS,40000195663,HEB ORANGE JUICE DRP 480 CT
GROCERY,SHELF STABLE JUICES,SHELF STABLE JUICE,BOTTLE MULTI-100% CITRUS,68216230750,SONOMA C BLOOD ORANGE JUICE   
GROCERY,SHELF STABLE JUICES,SHELF STABLE JUICE,BOTTLE MULTI-100% CITRUS,81053300800,VOLCANO ORANGE JUICE
GROCERY,SHELF STABLE JUICES,SHELF STABLE JUICE,BOTTLE MULTI-100% CITRUS,85275000394,TEXAS SQUEEZE ORANGE JUICE
GROCERY,SHELF STABLE JUICES,SHELF STABLE JUICE,BOTTLE MULTI-100% CRANBRRY/POM,75379200209,NORTHLAND CRNBRY ORANGE JUICE
GROCERY,SHELF STABLE JUICES,SHELF STABLE JUICE,BOTTLE MULTI-100% FRUIT/VEG,4175509827,L&A CARROT ORANGE JUICE
GROCERY,SHELF STABLE JUICES,SHELF STABLE JUICE,BOTTLE MULTI-100% FRUIT/VEG,7441621530,ATF JUICE 24 KARROT ORANGE    
GROCERY,SHELF STABLE JUICES,SHELF STABLE JUICE,BOTTLE MULTI-100% FRUIT/VEG,70840631312,VRUIT JUICE ORANGE VEGGIE     
GROCERY,SHELF STABLE JUICES,SHELF STABLE JUICE,BOTTLE MULTI-100% FRUIT/VEG,77134400913,PURE ORANGE JUICE
GROCERY,SHELF STABLE JUICES,SHELF STABLE JUICE,BOTTLE MULTI-100% ORGANIC,4122033567,HEB 100% ORGANICS ORANGE JUICE
GROCERY,SHELF STABLE JUICES,SHELF STABLE JUICE,BOTTLE MULTI-100% ORGANIC,4175533005,FPO 100% ORANGE JUICE ORGANIC
GROCERY,SHELF STABLE JUICES,SHELF STABLE JUICE,BOTTLE MULTI-100% ORGANIC,4850001692,TROPICANA ORGANIC ORANGE JUICE
GROCERY,SHELF STABLE JUICES,SHELF STABLE JUICE,BOTTLE MULTI-100% ORGANIC,8.43701E+11,EKOLO ORGANIC ORANGE JUICE
GROCERY,SHELF STABLE JUICES,SHELF STABLE JUICE,BOTTLE MULTI-NON 100% COCKTAIL,6150010958,GOLDN CROWN ORANGE JUICE DRINK
GROCERY,SHELF STABLE JUICES,SHELF STABLE JUICE,BOTTLE MULTI-NON 100% COCKTAIL,7468210708,KNUDSEN ORANGE MANGO JUICE
GROCERY,SHELF STABLE JUICES,SHELF STABLE JUICE,BOTTLE MULTI-NON 100% COCKTAIL,5.20224E+11,LOUX ORANGE JUICE DRINK       
GROCERY,SHELF STABLE JUICES,SHELF STABLE JUICE,CAN MULTI-100%,3610000005,TEXSUN CANNED ORANGE JUICE
GROCERY,SHELF STABLE JUICES,SHELF STABLE JUICE,CAN MULTI-100%,3610000124,TEXSUN ORANGE JUICE
GROCERY,SHELF STABLE JUICES,SHELF STABLE JUICE,CAN MULTI-100%,4115229005,RUBY KIST 100% ORANGE JUICE
GROCERY,SHELF STABLE JUICES,SHELF STABLE JUICE,CAN MULTI-100%,4175500960,LANGERS ORANGE JUICE PLUS
GROCERY,SHELF STABLE JUICES,SHELF STABLE JUICE,CAN MULTI-100%,40000204266,RUBY KIST 100% ORANGE JUICE
GROCERY,SHELF STABLE JUICES,SHELF STABLE JUICE,EMERGING BEVERAGE,62022140004,JONES JUICE LIMES W/ ORANGE   
GROCERY,SHELF STABLE JUICES,SHELF STABLE JUICE,LEMONADE,3619212239,SANTA CRUZ ORANGE MANGO JUICE
GROCERY,SHELF STABLE JUICES,SHELF STABLE JUICE,MULTI PACK 100%,1630015042,GROWERS! PRIDE ORANGE JUICE   
GROCERY,SHELF STABLE JUICES,SHELF STABLE JUICE,MULTI PACK 100%,3890000940,DOLE JUICE PINEAPPLE/ORANGE
GROCERY,SHELF STABLE JUICES,SHELF STABLE JUICE,MULTI PACK 100%,3890000942,DOLE PINE/ORANGE/BANANA JUICE
GROCERY,SHELF STABLE JUICES,SHELF STABLE JUICE,MULTI PACK 100%,4122006383,HCF ORANGE JUICE
GROCERY,SHELF STABLE JUICES,SHELF STABLE JUICE,MULTI PACK 100%,4122021835,HCF ORANGE / PINEAPPLE JUICE
GROCERY,SHELF STABLE JUICES,SHELF STABLE JUICE,MULTI PACK 100%,4122028666,HCF ORANGE / PINEAPPLE JUICE
GROCERY,SHELF STABLE JUICES,SHELF STABLE JUICE,MULTI PACK 100%,4122086406,HEB ORANGE JUICE
GROCERY,SHELF STABLE JUICES,SHELF STABLE JUICE,MULTI PACK 100%,4122086412,HEB ORANGE PINEAPPLE JUICE
GROCERY,SHELF STABLE JUICES,SHELF STABLE JUICE,MULTI PACK 100%,4850000947,TROPICANA 100% ORANGE JUICE   
GROCERY,SHELF STABLE JUICES,SHELF STABLE JUICE,MULTI PACK 100%,7057000002,BIG TEX 100% ORANGE JUICE     
GROCERY,SHELF STABLE JUICES,SHELF STABLE JUICE,MULTI PACK 100%,7057000036,BIG TEX ORANGE JUICE
GROCERY,SHELF STABLE JUICES,SHELF STABLE JUICE,MULTI PACK 100%,7057000037,BIGTEX ORANGE PINEAPPLE JUICE
GROCERY,SHELF STABLE JUICES,SHELF STABLE JUICE,MULTI PACK 100%,7057000065,BIG TEX 100% ORANGE JUICE
GROCERY,SHELF STABLE JUICES,SHELF STABLE JUICE,MULTI PACK 100%,40000028666,HCF ORANGE/PINEAPPLE JUICE
GROCERY,SHELF STABLE JUICES,SHELF STABLE JUICE,MULTI PACK 100%,40000030976,*B* HCF ORANGE JUICE
GROCERY,SHELF STABLE JUICES,SHELF STABLE JUICE,MULTI PACK 100%,40000031010,BIG TEX 100% ORANGE JUICE
GROCERY,SHELF STABLE JUICES,SHELF STABLE JUICE,MULTI PACK 100%,40000031101,HCF ORANGE JUICE
GROCERY,SHELF STABLE JUICES,SHELF STABLE JUICE,SINGLE SERVE 100%,2500002128,MM 100% ORANGE JUICE          
GROCERY,SHELF STABLE JUICES,SHELF STABLE JUICE,SINGLE SERVE 100%,2500006153,MINUTE MAID ORANGE JUICE 12OZ
GROCERY,SHELF STABLE JUICES,SHELF STABLE JUICE,SINGLE SERVE 100%,4122013848,HEB 100% ORANGE JUICE CKSTND
GROCERY,SHELF STABLE JUICES,SHELF STABLE JUICE,SINGLE SERVE 100%,4175500051,LANGERS ORANGE JUICE
GROCERY,SHELF STABLE JUICES,SHELF STABLE JUICE,SINGLE SERVE 100%,7468215123,KNUDSEN ORANGE JUICE          
GROCERY,SHELF STABLE JUICES,SHELF STABLE JUICE,SINGLE SERVE 100%,64935371004,KAGOME JUICE ORANGE CARROT    
GROCERY,SHELF STABLE JUICES,SHELF STABLE JUICE,SINGLE SERVE 100%,72909007130,SONRISA 100% ORANGE JUICE     
GROCERY,SHELF STABLE JUICES,SHELF STABLE JUICE,SINGLE SERVE 100%,85269800401,FOUND 100% PURE ORANGE JUICE  
GROCERY,SHELF STABLE JUICES,SHELF STABLE JUICE,SINGLE SERVE 100%,85275000374,TEXAS SQUEEZE ORANGE JUICE
GROCERY,SHELF STABLE JUICES,SHELF STABLE JUICE,SINGLE SERVE 100%,5.06004E+11,FOLKINGTONS ORANGE JUICE
GROCERY,SHELF STABLE JUICES,SHELF STABLE JUICE,SINGLE SERVE 100%,5.06004E+11,FOLKINGTONS ORANGE JUICE
GROCERY,SHELF STABLE JUICES,SHELF STABLE JUICE,SINGLE SERVE NON 100%,7468210421,KNU ORANGE JUICE 465153       
GROCERY,SHELF STABLE JUICES,SHELF STABLE JUICE,SINGLE SERVE NON 100%,70498230104,BUG JUICE OUTRAGEOUS ORANGE
GROCERY,SHELF STABLE JUICES,SHELF STABLE JUICE,SINGLE SERVE NON 100%,5.20224E+11,LOUX ORANGE JUICE             
GROCERY,SHELF STABLE JUICES,SHELF STABLE JUICE,SPARKLING JUICE,83101200314,A&E SWITCH SPARK JUICE ORANGE
GROCERY,SHELF STABLE JUICES,SHELF STABLE JUICE,TETRA 100%,7473403468,PAYASO ORANGE JUICE
GROCERY,SHELF STABLE JUICES,SHELF STABLE JUICE,TETRA 100%,7473403662,PAYASO ORANGE JUICE
PRODUCE,FRESH JUICES,JUICE,IN-STORE JUICE ORANGE,6274,ORANGE JUICE 32OZ
PRODUCE,FRESH JUICES,JUICE,IN-STORE JUICE ORANGE,6279,ORANGE JUICE 64 OZ
PRODUCE,FRESH JUICES,JUICE,IN-STORE JUICE ORANGE,6281,ORANGE JUICE 16OZ
PRODUCE,FRESH JUICES,JUICE,IN-STORE JUICE ORANGE,7349,GRAPEFRUIT JUICE 64OZ
PRODUCE,FRESH JUICES,JUICE,IN-STORE JUICE ORANGE,7365,GRAPEFRUIT JUICE 32OZ
PRODUCE,FRESH JUICES,JUICE,IN-STORE JUICE ORANGE,7368,GRAPEFRUIT JUICE 16OZ
PRODUCE,FRESH JUICES,JUICE,IN-STORE JUICE ORANGE,7372,D ORANGE JUICE 64OZ 24HR
PRODUCE,FRESH JUICES,JUICE,IN-STORE JUICE ORANGE,7373,ORANGE JUICE 32OZ 24HR
PRODUCE,FRESH JUICES,JUICE,IN-STORE JUICE ORANGE,7374,ORANGE JUICE 16OZ 24HR
PRODUCE,FRESH JUICES,JUICE,IN-STORE JUICE ORANGE,36147,D ORANGE JUICE 16OZ
PRODUCE,FRESH JUICES,JUICE,IN-STORE JUICE ORANGE,36148,ORANGE JUICE 32 OZ SELF SERVE
PRODUCE,FRESH JUICES,JUICE,IN-STORE JUICE ORANGE,36149,D ORANGE JUICE 64OZ
PRODUCE,FRESH JUICES,JUICE,IN-STORE JUICE ORANGE,36266,BLOOD ORANGE JUICE 16OZ
PRODUCE,FRESH JUICES,JUICE,IN-STORE JUICE ORANGE,36422,HONEY DROP MANDARIN JUICE 16OZ
PRODUCE,FRESH JUICES,JUICE,IN-STORE JUICE ORANGE,36423,HONEY DROP MANDARIN JUICE 32OZ
PRODUCE,FRESH JUICES,JUICE,IN-STORE JUICE ORANGE,36424,BLOOD ORANGE JUICE 16OZ
PRODUCE,FRESH JUICES,JUICE,IN-STORE JUICE ORANGE,36425,BLOOD ORANGE JUICE 32OZ
PRODUCE,FRESH JUICES,JUICE,IN-STORE JUICE ORANGE,36426,BELLA MANDARIN JUICE 16OZ
PRODUCE,FRESH JUICES,JUICE,IN-STORE JUICE ORANGE,36427,BELLA MANDARIN JUICE 32OZ
PRODUCE,FRESH JUICES,JUICE,IN-STORE JUICE ORANGE,36428,GOLD NUGGET JUICE 16OZ
PRODUCE,FRESH JUICES,JUICE,IN-STORE JUICE ORANGE,20627400000,ORANGE JUICE 32OZ
PRODUCE,FRESH JUICES,JUICE,IN-STORE JUICE ORANGE,20627900000,ORANGE JUICE 64 OZ
PRODUCE,FRESH JUICES,JUICE,IN-STORE JUICE ORANGE,20628100000,ORANGE JUICE 16OZ
PRODUCE,FRESH JUICES,JUICE,IN-STORE JUICE ORANGE,20734900000,GRAPEFRUIT JUICE 64OZ
PRODUCE,FRESH JUICES,JUICE,IN-STORE JUICE ORANGE,20736500000,GRAPEFRUIT JUICE 32OZ
PRODUCE,FRESH JUICES,JUICE,IN-STORE JUICE ORANGE,20736800000,GRAPEFRUIT JUICE 16OZ
PRODUCE,FRESH JUICES,JUICE,IN-STORE JUICE ORANGE,20737200000,D ORANGE JUICE 64OZ 24HR
PRODUCE,FRESH JUICES,JUICE,IN-STORE JUICE ORANGE,20737300000,ORANGE JUICE 32OZ 24HR
PRODUCE,FRESH JUICES,JUICE,IN-STORE JUICE ORANGE,20737400000,ORANGE JUICE 16OZ 24HR
PRODUCE,FRESH JUICES,JUICE,IN-STORE JUICE ORANGE,23614700000,D ORANGE JUICE 16OZ
PRODUCE,FRESH JUICES,JUICE,IN-STORE JUICE ORANGE,23614800000,ORANGE JUICE 32 OZ SELF SERVE
PRODUCE,FRESH JUICES,JUICE,IN-STORE JUICE ORANGE,23614900000,D ORANGE JUICE 64OZ
PRODUCE,FRESH JUICES,JUICE,IN-STORE JUICE ORANGE,23626600000,BLOOD ORANGE JUICE 16OZ
PRODUCE,FRESH JUICES,JUICE,IN-STORE JUICE ORANGE,23626700000,BLOOD ORANGE JUICE 32OZ
PRODUCE,FRESH JUICES,JUICE,IN-STORE JUICE ORANGE,23628700000,ORANGE JUICE 1 GALLON
PRODUCE,FRESH JUICES,JUICE,IN-STORE JUICE ORANGE,23629200000,BLOOD ORANGE JUICE 59OZ
PRODUCE,FRESH JUICES,JUICE,IN-STORE JUICE ORANGE,23629400000,ORANGE JUICE 52OZ 24HR
PRODUCE,FRESH JUICES,JUICE,IN-STORE JUICE ORANGE,23629500000,ORANGE JUICE 52OZ
PRODUCE,FRESH JUICES,JUICE,IN-STORE JUICE ORANGE,23632200000,GRAPEFRUIT JUICE 52OZ
PRODUCE,FRESH JUICES,JUICE,IN-STORE JUICE ORANGE,23642200000,HONEY DROP MANDARIN JUICE 16OZ
PRODUCE,FRESH JUICES,JUICE,IN-STORE JUICE ORANGE,23642300000,HONEY DROP MANDARIN JUICE 32OZ
PRODUCE,FRESH JUICES,JUICE,IN-STORE JUICE ORANGE,23642400000,BLOOD ORANGE JUICE 16OZ
PRODUCE,FRESH JUICES,JUICE,IN-STORE JUICE ORANGE,23642500000,BLOOD ORANGE JUICE 32OZ
PRODUCE,FRESH JUICES,JUICE,IN-STORE JUICE ORANGE,23642600000,BELLA MANDARIN JUICE 16OZ
PRODUCE,FRESH JUICES,JUICE,IN-STORE JUICE ORANGE,23642700000,BELLA MANDARIN JUICE 32OZ
PRODUCE,FRESH JUICES,JUICE,IN-STORE JUICE ORANGE,23642800000,GOLD NUGGET JUICE 16OZ
PRODUCE,FRESH JUICES,JUICE,IN-STORE JUICE ORANGE,23661500000,TANGERINE JUICE 52OZ
PRODUCE,FRESH JUICES,JUICE,IN-STORE JUICE ORANGE,23661600000,TANGERINE JUICE 32OZ
PRODUCE,FRESH JUICES,JUICE,IN-STORE JUICE ORANGE,23661700000,TANGERINE JUICE 16OZ
PRODUCE,FRESH JUICES,JUICE,IN-STORE JUICE ORANGE,40000212016,JUICE ORANGES 72 & 80CT
PRODUCE,FRESH JUICES,JUICE,IN-STORE JUICE ORANGE,40000222195,"FL JUICE ORANGE 80, 100, 125CT"
PRODUCE,FRESH JUICES,JUICE,IN-STORE JUICE ORANGE,40010994000,72CT JUICE ORANGE
PRODUCE,FRESH JUICES,JUICE,IN-STORE JUICE ORANGE,41538715000,"CA JUICE ORANGE 88, 113, 138CT"
PRODUCE,FRESH JUICES,JUICE,IN-STORE JUICE ORANGE,42616027000,"IMP JUICE ORAGE 88, 113, 138CT"
PRODUCE,FRESH JUICES,JUICE,IN-STORE JUICE ORANGE,43962610000,DISCO JUICE ORANGE
PRODUCE,FRESH JUICES,JUICE,IN-STORE JUICE ORANGE,43999150000,CM JUICE ORANGE 57-80MM
PRODUCE,FRESH JUICES,JUICE,IN-STORE JUICE ORANGE,45306843000,JUICE ORANGES 163CT
PRODUCE,FRESH JUICES,JUICE,IN-STORE JUICE ORANGE,47122957000,DISCO JUICE ORANGE
PRODUCE,FRESH JUICES,JUICE,IN-STORE JUICE ORANGE,48700956000,TX JUICE ORANGE 57-80MM       
PRODUCE,FRESH JUICES,JUICE,IN-STORE JUICE ORANGE,49370507000,"TX JUICE ORANGE 88, 113, 138CT"
